City,Product Type,Trip or Order Status,Request Time,Begin Trip Time,Begin Trip Lat,Begin Trip Lng,Dropoff Time,Dropoff Lat,Dropoff Lng,Distance (miles),Fare Amount,Fare Currency
458,Black,COMPLETED,2021-01-13 22:06:46 +0000 UTC,2021-01-13 22:11:10 +0000 UTC,-23.599752,-46.715954,2021-01-13 22:29:13 +0000 UTC,-23.559359,-46.666542,4.84,29.63,BRL
458,VIP,COMPLETED,2021-01-13 20:21:05 +0000 UTC,2021-01-13 20:27:29 +0000 UTC,-23.559298,-46.666454,2021-01-13 20:54:50 +0000 UTC,-23.599585,-46.715717,5.31,20.86,BRL
458,VIP,COMPLETED,2021-01-03 00:23:22 +0000 UTC,2021-01-03 00:33:00 +0000 UTC,-23.626593,-46.65941,2021-01-03 00:50:56 +0000 UTC,-23.559273,-46.666595,5.9,34.23,BRL
458,VIP,COMPLETED,2020-12-11 23:16:33 +0000 UTC,2020-12-11 23:27:32 +0000 UTC,-23.55941,-46.666435,2020-12-12 00:32:47 +0000 UTC,-23.425755,-46.48119,19.74,58.77,BRL
458,VIP,COMPLETED,2020-12-11 00:35:46 +0000 UTC,2020-12-11 00:46:46 +0000 UTC,-23.584846,-46.66359,2020-12-11 00:57:57 +0000 UTC,-23.559261,-46.66651,2.54,12.63,BRL
458,VIP,COMPLETED,2020-12-10 11:42:15 +0000 UTC,2020-12-10 11:46:20 +0000 UTC,-23.559372,-46.666473,2020-12-10 12:06:15 +0000 UTC,-23.6245,-46.701077,6.17,21.25,BRL
458,Black,COMPLETED,2020-12-10 01:34:25 +0000 UTC,2020-12-10 01:42:28 +0000 UTC,-23.624605,-46.70098,2020-12-10 02:01:57 +0000 UTC,-23.559233,-46.666546,5.6,36,BRL
458,UberX,COMPLETED,2020-12-07 23:48:41 +0000 UTC,2020-12-07 23:57:30 +0000 UTC,-23.627161,-46.66419,2020-12-08 00:18:11 +0000 UTC,-23.559366,-46.666637,6.71,33.22,BRL
458,VIP,CANCELED,2020-12-04 22:11:42 +0000 UTC,1970-01-01 00:00:00 +0000 UTC,-23.54538,-46.648098,1970-01-01 00:00:00 +0000 UTC,-23.55216157,-46.63645434,0,0,BRL
458,UberX,COMPLETED,2020-12-04 21:48:04 +0000 UTC,2020-12-04 21:56:13 +0000 UTC,-23.559399,-46.66647,2020-12-04 22:05:42 +0000 UTC,-23.54775,-46.644104,1.83,11.52,BRL
458,VIP,CANCELED,2020-12-04 21:46:05 +0000 UTC,1970-01-01 00:00:00 +0000 UTC,-23.56971,-46.6651,1970-01-01 00:00:00 +0000 UTC,-23.56932402,-46.6655798,0,0,BRL
458,VIP,CANCELED,2020-12-04 21:44:48 +0000 UTC,1970-01-01 00:00:00 +0000 UTC,-23.570309,-46.662003,1970-01-01 00:00:00 +0000 UTC,-23.56988096,-46.66156781,0,0,BRL
458,VIP,COMPLETED,2020-12-04 16:38:39 +0000 UTC,2020-12-04 16:43:51 +0000 UTC,-23.567642,-46.66386,2020-12-04 16:52:58 +0000 UTC,-23.559292,-46.66655,1.2,7.49,BRL
458,VIP,COMPLETED,2020-12-04 15:13:11 +0000 UTC,2020-12-04 15:15:48 +0000 UTC,-23.55933,-46.666496,2020-12-04 15:24:13 +0000 UTC,-23.567545,-46.66403,0.83,7.4,BRL
458,VIP,COMPLETED,2020-12-04 12:00:59 +0000 UTC,2020-12-04 12:04:14 +0000 UTC,-23.566143,-46.67532,2020-12-04 12:10:55 +0000 UTC,-23.559343,-46.666496,1.42,7.4,BRL
458,VIP,COMPLETED,2020-12-04 10:41:21 +0000 UTC,2020-12-04 10:45:06 +0000 UTC,-23.559284,-46.66658,2020-12-04 10:49:45 +0000 UTC,-23.566214,-46.675385,0.79,7.31,BRL
458,VIP,COMPLETED,2020-11-30 11:02:06 +0000 UTC,2020-11-30 11:05:57 +0000 UTC,-23.55935,-46.666542,2020-11-30 11:12:33 +0000 UTC,-23.56196,-46.65819,0.92,6.42,BRL
458,VIP,CANCELED,2020-11-30 10:57:13 +0000 UTC,1970-01-01 00:00:00 +0000 UTC,-23.558155,-46.662205,1970-01-01 00:00:00 +0000 UTC,-23.56426764,-46.65525889,0,0,BRL
458,VIP,COMPLETED,2020-11-04 16:01:28 +0000 UTC,2020-11-04 16:06:02 +0000 UTC,-23.61526,-46.704556,2020-11-04 16:11:19 +0000 UTC,-23.624607,-46.701088,1.45,6.76,BRL
458,VIP,COMPLETED,2020-10-30 16:02:26 +0000 UTC,2020-10-30 16:05:24 +0000 UTC,-23.624592,-46.701138,2020-10-30 16:41:58 +0000 UTC,-23.55949,-46.66645,6.17,22.46,BRL
458,VIP,CANCELED,2020-10-30 15:59:55 +0000 UTC,1970-01-01 00:00:00 +0000 UTC,-23.620277,-46.69794,1970-01-01 00:00:00 +0000 UTC,-23.62027715,-46.69794191,0,0,BRL
458,VIP,COMPLETED,2020-10-30 11:41:38 +0000 UTC,2020-10-30 11:46:13 +0000 UTC,-23.55945,-46.666496,2020-10-30 12:08:45 +0000 UTC,-23.624554,-46.701042,5.96,21.35,BRL
458,VIP,COMPLETED,2020-03-19 22:08:35 +0000 UTC,2020-03-19 22:12:26 +0000 UTC,-23.6245662,-46.7010456,2020-03-19 22:29:04 +0000 UTC,-23.5593595,-46.6665002,5.6,20.38,BRL
458,VIP,COMPLETED,2020-03-19 11:14:14 +0000 UTC,2020-03-19 11:17:22 +0000 UTC,-23.5593617,-46.6664583,2020-03-19 11:35:31 +0000 UTC,-23.6245499,-46.7011459,5.98,23.41,BRL
458,VIP,COMPLETED,2020-03-18 11:14:54 +0000 UTC,2020-03-18 11:17:52 +0000 UTC,-23.5595008,-46.6664296,2020-03-18 11:39:29 +0000 UTC,-23.6245747,-46.701121,6.05,22.08,BRL
458,VIP,COMPLETED,2020-03-17 23:15:08 +0000 UTC,2020-03-17 23:21:19 +0000 UTC,-23.6246871,-46.7008171,2020-03-17 23:36:58 +0000 UTC,-23.5594793,-46.6664565,5.59,20.34,BRL
458,VIP,COMPLETED,2020-03-16 09:56:27 +0000 UTC,2020-03-16 09:59:33 +0000 UTC,-23.5593511,-46.666488,2020-03-16 10:20:27 +0000 UTC,-23.6247021,-46.7009501,6.01,21.92,BRL
458,VIP,COMPLETED,2020-03-12 10:48:17 +0000 UTC,2020-03-12 11:08:01 +0000 UTC,-23.5593303,-46.6665643,2020-03-12 11:56:21 +0000 UTC,-23.6244897,-46.7009874,6.46,24.54,BRL
458,VIP,CANCELED,2020-03-12 10:47:42 +0000 UTC,1970-01-01 00:00:00 +0000 UTC,-23.5570005,-46.6687176,1970-01-01 00:00:00 +0000 UTC,-23.55695861,-46.66876567,0,0,BRL
458,VIP,CANCELED,2020-03-12 10:46:48 +0000 UTC,1970-01-01 00:00:00 +0000 UTC,-23.5568277,-46.6690233,1970-01-01 00:00:00 +0000 UTC,-23.55682781,-46.66902317,0,0,BRL
458,VIP,CANCELED,2020-03-12 10:23:54 +0000 UTC,1970-01-01 00:00:00 +0000 UTC,-23.5570628,-46.6685487,1970-01-01 00:00:00 +0000 UTC,-23.56083211,-46.67251859,0,0,BRL
458,VIP,COMPLETED,2020-03-10 11:16:05 +0000 UTC,2020-03-10 11:22:37 +0000 UTC,-23.5593591,-46.6665025,2020-03-10 12:08:38 +0000 UTC,-23.6249448,-46.7013194,7.68,33.74,BRL
458,VIP,CANCELED,2020-03-10 11:13:26 +0000 UTC,1970-01-01 00:00:00 +0000 UTC,-23.5549419,-46.6731552,1970-01-01 00:00:00 +0000 UTC,-23.55414833,-46.67188399,0,0,BRL
458,VIP,CANCELED,2020-03-10 11:11:48 +0000 UTC,1970-01-01 00:00:00 +0000 UTC,-23.5690912,-46.6799805,1970-01-01 00:00:00 +0000 UTC,-23.56909121,-46.67998049,0,0,BRL
458,VIP,COMPLETED,2020-03-10 04:12:06 +0000 UTC,2020-03-10 04:19:03 +0000 UTC,-23.6246961,-46.7007286,2020-03-10 04:39:43 +0000 UTC,-23.5593722,-46.6664251,6.78,19.5,BRL
458,VIP,COMPLETED,2020-03-09 09:52:17 +0000 UTC,2020-03-09 09:59:06 +0000 UTC,-23.5593386,-46.6665073,2020-03-09 10:21:53 +0000 UTC,-23.6249106,-46.7006571,5.99,34.01,BRL
458,VIP,COMPLETED,2020-03-06 00:41:57 +0000 UTC,2020-03-06 00:46:06 +0000 UTC,-23.6226199,-46.6991889,2020-03-06 01:06:27 +0000 UTC,-23.5595624,-46.6665394,5.57,20.65,BRL
458,VIP,COMPLETED,2020-03-03 11:08:27 +0000 UTC,2020-03-03 11:12:46 +0000 UTC,-23.5593488,-46.6664831,2020-03-03 11:53:53 +0000 UTC,-23.6245325,-46.7010044,6.44,29.82,BRL
458,VIP,COMPLETED,2020-03-02 11:01:18 +0000 UTC,2020-03-02 11:07:25 +0000 UTC,-23.5593418,-46.6663762,2020-03-02 11:59:22 +0000 UTC,-23.6245682,-46.7009553,7.62,31.63,BRL
458,VIP,CANCELED,2020-03-02 11:00:20 +0000 UTC,1970-01-01 00:00:00 +0000 UTC,-23.5645844,-46.6545745,1970-01-01 00:00:00 +0000 UTC,-23.56456492,-46.65459229,0,0,BRL
458,VIP,COMPLETED,2020-02-28 23:10:00 +0000 UTC,2020-02-28 23:13:32 +0000 UTC,-23.6226616,-46.7018851,2020-02-28 23:35:50 +0000 UTC,-23.5594719,-46.6664113,5.8,18.43,BRL
458,VIP,COMPLETED,2020-02-28 11:05:36 +0000 UTC,2020-02-28 11:08:11 +0000 UTC,-23.55933,-46.6664167,2020-02-28 11:48:59 +0000 UTC,-23.6246338,-46.7009416,5.98,19.8,BRL
458,VIP,CANCELED,2020-02-27 11:10:36 +0000 UTC,1970-01-01 00:00:00 +0000 UTC,-23.5583566,-46.6690102,1970-01-01 00:00:00 +0000 UTC,-23.558508,-46.66877913,0,0,BRL
458,VIP,COMPLETED,2020-02-21 20:28:57 +0000 UTC,2020-02-21 20:35:50 +0000 UTC,-23.62469,-46.70059,2020-02-21 20:59:07 +0000 UTC,-23.55945,-46.66646,5.58,27.57,BRL
458,VIP,COMPLETED,2020-02-21 11:02:39 +0000 UTC,2020-02-21 11:10:53 +0000 UTC,-23.5593232,-46.6664403,2020-02-21 11:41:48 +0000 UTC,-23.6245219,-46.7011361,6.03,24.07,BRL
458,VIP,CANCELED,2020-02-21 10:55:44 +0000 UTC,1970-01-01 00:00:00 +0000 UTC,-23.5564537,-46.6644398,1970-01-01 00:00:00 +0000 UTC,-23.56103176,-46.6789032,0,0,BRL
458,VIP,COMPLETED,2020-02-20 01:10:51 +0000 UTC,2020-02-20 01:17:30 +0000 UTC,-23.6223484,-46.6991585,2020-02-20 01:46:16 +0000 UTC,-23.5897694,-46.6340214,4.41,26.99,BRL
458,VIP,COMPLETED,2020-02-17 21:36:55 +0000 UTC,2020-02-17 21:41:30 +0000 UTC,-23.6204982,-46.7002826,2020-02-17 22:36:09 +0000 UTC,-23.568199,-46.6481043,6.92,41.13,BRL
458,VIP,CANCELED,2020-02-17 21:35:23 +0000 UTC,1970-01-01 00:00:00 +0000 UTC,-23.6325701,-46.7100971,1970-01-01 00:00:00 +0000 UTC,-23.63256456,-46.7101219,0,0,BRL
458,VIP,COMPLETED,2020-02-14 01:38:40 +0000 UTC,2020-02-14 01:44:09 +0000 UTC,-23.624664,-46.7010127,2020-02-14 02:03:21 +0000 UTC,-23.5593779,-46.6664841,5.58,27.3,BRL
458,VIP,COMPLETED,2020-02-12 10:58:33 +0000 UTC,2020-02-12 11:07:23 +0000 UTC,-23.5593209,-46.6668324,2020-02-12 11:51:47 +0000 UTC,-23.6245191,-46.7010364,6.09,39.97,BRL
458,VIP,CANCELED,2020-02-12 10:56:55 +0000 UTC,1970-01-01 00:00:00 +0000 UTC,-23.5625817,-46.6747364,1970-01-01 00:00:00 +0000 UTC,-23.5625745,-46.67476547,0,0,BRL
458,VIP,COMPLETED,2020-02-11 10:37:00 +0000 UTC,2020-02-11 10:45:01 +0000 UTC,-23.5594976,-46.6663962,2020-02-11 11:16:17 +0000 UTC,-23.624603,-46.7009155,6.62,30.31,BRL
458,VIP,COMPLETED,2020-02-10 16:53:47 +0000 UTC,2020-02-10 16:56:27 +0000 UTC,-23.5594968,-46.6664313,2020-02-10 17:31:37 +0000 UTC,-23.6245406,-46.7011174,7.42,30.28,BRL
458,VIP,DRIVER_CANCELED,2020-02-05 10:59:41 +0000 UTC,2020-02-05 11:10:09 +0000 UTC,-23.5694611,-46.6717841,1970-01-01 00:00:00 +0000 UTC,-23.5593105,-46.6664557,0.02,0,BRL
458,VIP,COMPLETED,2020-02-03 10:53:19 +0000 UTC,2020-02-03 10:59:48 +0000 UTC,-23.5593794,-46.6664933,2020-02-03 11:37:01 +0000 UTC,-23.624573,-46.7009811,6.01,24.65,BRL
458,VIP,COMPLETED,2020-02-01 22:17:55 +0000 UTC,2020-02-01 22:26:43 +0000 UTC,-23.559117,-46.6665798,2020-02-01 22:39:13 +0000 UTC,-23.554227,-46.6560723,1.43,8.23,BRL
458,VIP,CANCELED,2020-01-31 23:38:21 +0000 UTC,1970-01-01 00:00:00 +0000 UTC,,,1970-01-01 00:00:00 +0000 UTC,,,0,0,BRL
458,VIP,CANCELED,2020-01-31 23:37:04 +0000 UTC,1970-01-01 00:00:00 +0000 UTC,,,1970-01-01 00:00:00 +0000 UTC,,,0,0,BRL
458,VIP,COMPLETED,2020-01-30 10:45:36 +0000 UTC,2020-01-30 10:51:08 +0000 UTC,-23.5591703,-46.666397,2020-01-30 11:28:34 +0000 UTC,-23.6245017,-46.700992,6.02,21.51,BRL
458,VIP,CANCELED,2020-01-30 10:44:59 +0000 UTC,1970-01-01 00:00:00 +0000 UTC,-23.5570861,-46.6687896,1970-01-01 00:00:00 +0000 UTC,-23.55708615,-46.66878965,0,0,BRL
458,VIP,COMPLETED,2020-01-29 11:01:36 +0000 UTC,2020-01-29 11:07:02 +0000 UTC,-23.559368,-46.6665721,2020-01-29 11:31:06 +0000 UTC,-23.6245215,-46.7011146,6.21,21.48,BRL
458,VIP,COMPLETED,2020-01-28 11:15:36 +0000 UTC,2020-01-28 11:19:52 +0000 UTC,-23.5593851,-46.6664847,2020-01-28 11:51:49 +0000 UTC,-23.6245334,-46.7010361,6.03,22.58,BRL
458,VIP,COMPLETED,2020-01-27 11:07:08 +0000 UTC,2020-01-27 11:09:49 +0000 UTC,-23.5594017,-46.6663317,2020-01-27 11:40:46 +0000 UTC,-23.6245533,-46.700999,6.02,22.56,BRL
458,VIP,COMPLETED,2020-01-24 11:01:07 +0000 UTC,2020-01-24 11:05:47 +0000 UTC,-23.5595207,-46.6664687,2020-01-24 11:36:38 +0000 UTC,-23.6245483,-46.7007607,5.99,20.09,BRL
458,VIP,CANCELED,2020-01-23 11:19:45 +0000 UTC,1970-01-01 00:00:00 +0000 UTC,-23.5552052,-46.6684544,1970-01-01 00:00:00 +0000 UTC,-23.55563589,-46.66741277,0,0,BRL
458,VIP,COMPLETED,2020-01-22 23:01:31 +0000 UTC,2020-01-22 23:07:02 +0000 UTC,-23.625161,-46.7015861,2020-01-22 23:31:30 +0000 UTC,-23.5592766,-46.6666408,5.56,20.07,BRL
458,VIP,COMPLETED,2020-01-20 11:10:20 +0000 UTC,2020-01-20 11:15:17 +0000 UTC,-23.559368,-46.6663229,2020-01-20 11:51:41 +0000 UTC,-23.6245632,-46.7011078,6.02,21.48,BRL
458,VIP,COMPLETED,2020-01-19 04:37:51 +0000 UTC,2020-01-19 04:46:35 +0000 UTC,-23.5831272,-46.6082455,2020-01-19 05:09:40 +0000 UTC,-23.5592925,-46.6664492,5.04,22.62,BRL
458,VIP,COMPLETED,2020-01-18 03:54:37 +0000 UTC,2020-01-18 03:55:16 +0000 UTC,-23.5618534,-46.6461325,2020-01-18 04:05:42 +0000 UTC,-23.5593245,-46.6665357,2.02,9.1,BRL
458,VIP,COMPLETED,2020-01-17 10:55:15 +0000 UTC,2020-01-17 11:00:45 +0000 UTC,-23.5594238,-46.6664465,2020-01-17 11:31:01 +0000 UTC,-23.6245428,-46.7010183,5.96,20.29,BRL
458,UberX,COMPLETED,2020-01-14 10:52:54 +0000 UTC,2020-01-14 10:57:00 +0000 UTC,-23.5594355,-46.6664249,2020-01-14 11:29:21 +0000 UTC,-23.6244904,-46.7009642,6.02,20.91,BRL
458,UberX,COMPLETED,2020-01-10 23:24:26 +0000 UTC,2020-01-10 23:26:06 +0000 UTC,-23.6225559,-46.699078,2020-01-10 23:53:54 +0000 UTC,-23.5593177,-46.6664697,6.15,25.38,BRL
458,UberX,COMPLETED,2020-01-09 01:11:16 +0000 UTC,2020-01-09 01:17:44 +0000 UTC,-23.6227008,-46.6992215,2020-01-09 01:40:39 +0000 UTC,-23.5897198,-46.6340898,7.49,26.85,BRL
458,UberX,COMPLETED,2020-01-06 10:57:34 +0000 UTC,2020-01-06 11:00:13 +0000 UTC,-23.55939,-46.66654,2020-01-06 11:44:03 +0000 UTC,-23.6247,-46.70114,5.97,20.8,BRL
458,UberX,COMPLETED,2019-12-24 01:01:27 +0000 UTC,2019-12-24 01:05:27 +0000 UTC,-23.5598845,-46.6964414,2019-12-24 01:18:04 +0000 UTC,-23.5593471,-46.6663865,3.17,12.86,BRL
458,UberX,COMPLETED,2019-12-23 22:01:19 +0000 UTC,2019-12-23 22:02:58 +0000 UTC,-23.5666261,-46.7010333,2019-12-23 22:08:04 +0000 UTC,-23.5599594,-46.6966915,0.89,9.85,BRL
458,UberX,COMPLETED,2019-12-23 09:14:08 +0000 UTC,2019-12-23 09:18:09 +0000 UTC,-23.5593931,-46.6664654,2019-12-23 09:36:46 +0000 UTC,-23.6236397,-46.6996955,5.9,24.69,BRL
458,UberX,COMPLETED,2019-12-21 16:10:56 +0000 UTC,2019-12-21 16:13:21 +0000 UTC,-23.5593638,-46.6664784,2019-12-21 16:22:42 +0000 UTC,-23.5666085,-46.679704,1.62,8.22,BRL
458,UberX,COMPLETED,2019-12-20 10:57:26 +0000 UTC,2019-12-20 11:06:26 +0000 UTC,-23.5595345,-46.667087,2019-12-20 11:41:40 +0000 UTC,-23.6246805,-46.700688,5.91,21.45,BRL
458,UberX,COMPLETED,2019-12-19 23:43:29 +0000 UTC,2019-12-19 23:48:34 +0000 UTC,-23.6228059,-46.6992577,2019-12-20 00:19:46 +0000 UTC,-23.5595676,-46.6651815,6.27,26.62,BRL
458,UberEATS Marketplace,COMPLETED,2019-12-18 01:55:54 +0000 UTC,2019-12-18 02:08:59 +0000 UTC,-23.5902921,-46.6342251,2019-12-18 02:08:59 +0000 UTC,-23.5902921,-46.6342251,0.55,35.89,BRL
458,UberX,COMPLETED,2019-12-16 10:42:49 +0000 UTC,2019-12-16 10:48:40 +0000 UTC,-23.5593952,-46.6663668,2019-12-16 11:15:50 +0000 UTC,-23.6245537,-46.7009911,6.08,21.7,BRL
458,UberX,CANCELED,2019-12-10 23:57:58 +0000 UTC,1970-01-01 00:00:00 +0000 UTC,,,1970-01-01 00:00:00 +0000 UTC,,,0,0,BRL
458,UberX,CANCELED,2019-12-10 23:55:25 +0000 UTC,1970-01-01 00:00:00 +0000 UTC,,,1970-01-01 00:00:00 +0000 UTC,,,0,0,BRL
458,UberX,COMPLETED,2019-12-02 10:37:23 +0000 UTC,2019-12-02 10:46:04 +0000 UTC,-23.5592525,-46.6668376,2019-12-02 11:19:15 +0000 UTC,-23.6246039,-46.7011292,5.95,27.16,BRL
458,UberX,DRIVER_CANCELED,2019-12-02 10:36:20 +0000 UTC,2019-12-02 10:36:49 +0000 UTC,-23.5586315,-46.6650436,1970-01-01 00:00:00 +0000 UTC,-23.5586444,-46.665064,0,0,BRL
458,UberX,COMPLETED,2019-11-30 03:34:56 +0000 UTC,2019-11-30 03:40:37 +0000 UTC,-23.5918129,-46.6907203,2019-11-30 03:53:24 +0000 UTC,-23.5593657,-46.6664886,3.54,0,BRL
458,UberX,CANCELED,2019-11-29 20:23:28 +0000 UTC,1970-01-01 00:00:00 +0000 UTC,-23.6259955,-46.7099116,1970-01-01 00:00:00 +0000 UTC,-23.6257619,-46.7095611,0,0,BRL
458,UberX,COMPLETED,2019-11-29 11:01:30 +0000 UTC,2019-11-29 11:05:52 +0000 UTC,-23.5590314,-46.6664188,2019-11-29 11:38:00 +0000 UTC,-23.6246512,-46.7012253,5.98,31.76,BRL
458,UberX,COMPLETED,2019-11-28 23:59:32 +0000 UTC,2019-11-29 00:07:24 +0000 UTC,-23.5897328,-46.6343148,2019-11-29 00:32:40 +0000 UTC,-23.5593573,-46.6666084,4.59,15.71,BRL
458,UberX,COMPLETED,2019-11-28 11:29:33 +0000 UTC,2019-11-28 11:43:10 +0000 UTC,-23.6273,-46.68815,2019-11-28 12:05:17 +0000 UTC,-23.62508,-46.70083,1.91,17.03,BRL
458,UberX,CANCELED,2019-11-28 11:27:33 +0000 UTC,1970-01-01 00:00:00 +0000 UTC,-23.6263417,-46.7023733,1970-01-01 00:00:00 +0000 UTC,-23.6252367,-46.7009618,0,0,BRL
458,UberX,COMPLETED,2019-11-17 03:52:07 +0000 UTC,2019-11-17 03:55:24 +0000 UTC,-23.5521757,-46.6609652,2019-11-17 04:02:37 +0000 UTC,-23.5591479,-46.6665651,1.51,8.98,BRL
458,UberEATS Marketplace,COMPLETED,2019-11-09 00:00:00 +0000 UTC,2019-11-09 01:28:33 +0000 UTC,-23.559243,-46.6662783,2019-11-09 01:28:33 +0000 UTC,-23.559243,-46.6662783,1.57,31.99,BRL
458,UberX,COMPLETED,2019-11-05 14:13:47 +0000 UTC,2019-11-05 14:14:32 +0000 UTC,-23.55714,-46.71167,2019-11-05 14:30:00 +0000 UTC,-23.49942,-46.83712,10.08,34.88,BRL
458,UberX,COMPLETED,2019-11-04 21:17:09 +0000 UTC,2019-11-04 21:24:07 +0000 UTC,-23.6250996,-46.7016351,2019-11-04 22:25:53 +0000 UTC,-23.5681581,-46.648213,9.1,37.93,BRL
458,UberEATS Marketplace,COMPLETED,2019-10-19 00:14:19 +0000 UTC,2019-10-19 00:54:56 +0000 UTC,-23.559243,-46.6662783,2019-10-19 00:54:56 +0000 UTC,-23.559243,-46.6662783,1.53,33.89,BRL
458,UberX,COMPLETED,2019-10-14 20:56:09 +0000 UTC,2019-10-14 21:02:43 +0000 UTC,-23.4993585,-46.8371364,2019-10-14 21:38:13 +0000 UTC,-23.5513271,-46.6782767,13.23,51.01,BRL
458,UberX,COMPLETED,2019-10-08 10:13:23 +0000 UTC,2019-10-08 10:19:11 +0000 UTC,-23.5897,-46.63432,2019-10-08 10:43:26 +0000 UTC,-23.55944,-46.66647,4.26,17.43,BRL
458,UberX,CANCELED,2019-10-08 10:11:45 +0000 UTC,1970-01-01 00:00:00 +0000 UTC,-23.5930765,-46.6374635,1970-01-01 00:00:00 +0000 UTC,-23.5930824,-46.6366775,0,0,BRL
458,UberX,CANCELED,2019-10-07 01:08:33 +0000 UTC,1970-01-01 00:00:00 +0000 UTC,,,1970-01-01 00:00:00 +0000 UTC,,,0,0,BRL
458,UberX,COMPLETED,2019-09-30 11:39:07 +0000 UTC,2019-09-30 11:45:00 +0000 UTC,-23.6336588,-46.6926211,2019-09-30 12:00:09 +0000 UTC,-23.6251984,-46.7009311,1.99,13.18,BRL
458,UberX,COMPLETED,2019-09-20 21:43:13 +0000 UTC,2019-09-20 21:46:18 +0000 UTC,-23.624478,-46.7010775,2019-09-20 22:00:22 +0000 UTC,-23.6328069,-46.6934561,2.03,14.51,BRL
458,UberEATS Marketplace,CANCELED,2019-09-07 01:27:58 +0000 UTC,2019-09-07 02:23:47 +0000 UTC,-23.561575,-46.67988,2019-09-07 02:23:47 +0000 UTC,-23.561575,-46.67988,0.88,0,BRL
458,UberX,COMPLETED,2019-08-28 01:45:22 +0000 UTC,2019-08-28 01:50:59 +0000 UTC,-23.565565,-46.6516825,2019-08-28 01:59:28 +0000 UTC,-23.559358,-46.6664925,1.47,7.41,BRL
458,VIP,CANCELED,2019-08-28 01:44:46 +0000 UTC,1970-01-01 00:00:00 +0000 UTC,-23.5749678,-46.6614003,1970-01-01 00:00:00 +0000 UTC,-23.5746331,-46.6610196,0,0,BRL
458,VIP,CANCELED,2019-08-28 01:43:58 +0000 UTC,1970-01-01 00:00:00 +0000 UTC,-23.5638632,-46.6577056,1970-01-01 00:00:00 +0000 UTC,-23.5638727,-46.6577294,0,0,BRL
458,VIP,COMPLETED,2019-08-21 22:10:13 +0000 UTC,2019-08-21 22:12:50 +0000 UTC,-23.5837905,-46.6736883,2019-08-21 22:48:59 +0000 UTC,-23.5897093,-46.6341447,4.72,18.99,BRL
458,UberX,COMPLETED,2019-08-21 20:09:09 +0000 UTC,2019-08-21 20:12:34 +0000 UTC,-23.5897467,-46.6342369,2019-08-21 20:31:25 +0000 UTC,-23.5838811,-46.6736383,3.38,14.08,BRL
458,UberEATS Marketplace,COMPLETED,2019-08-19 23:42:00 +0000 UTC,2019-08-20 00:28:43 +0000 UTC,-23.5902921,-46.6342251,2019-08-20 00:28:43 +0000 UTC,-23.5902921,-46.6342251,3.16,46,BRL
458,VIP,CANCELED,2019-08-04 05:06:59 +0000 UTC,1970-01-01 00:00:00 +0000 UTC,-23.6202359,-46.7375577,1970-01-01 00:00:00 +0000 UTC,-23.6212061,-46.7376006,0,0,BRL
458,UberX,COMPLETED,2019-08-02 23:24:24 +0000 UTC,2019-08-02 23:27:17 +0000 UTC,-23.55929,-46.6664954,2019-08-02 23:32:59 +0000 UTC,-23.5630458,-46.6726512,0.58,6.44,BRL
458,UberX,COMPLETED,2019-08-01 02:18:02 +0000 UTC,2019-08-01 02:20:59 +0000 UTC,-23.561885,-46.6580741,2019-08-01 02:25:17 +0000 UTC,-23.5593337,-46.6665488,0.77,7.62,BRL
458,UberX,COMPLETED,2019-07-31 17:42:10 +0000 UTC,2019-07-31 17:43:09 +0000 UTC,-23.626597,-46.579885,2019-07-31 17:51:12 +0000 UTC,-23.6112972,-46.5707363,1.81,7.31,BRL
458,UberEATS Marketplace,COMPLETED,2019-07-28 22:44:47 +0000 UTC,2019-07-28 23:15:11 +0000 UTC,-23.5902921,-46.6342251,2019-07-28 23:15:11 +0000 UTC,-23.5902921,-46.6342251,3.16,51.99,BRL
458,UberX,COMPLETED,2019-07-26 03:17:48 +0000 UTC,2019-07-26 03:22:51 +0000 UTC,-23.5646019,-46.6802976,2019-07-26 03:38:38 +0000 UTC,-23.5898961,-46.6347077,3.94,16.82,BRL
458,UberX,COMPLETED,2019-07-25 22:15:21 +0000 UTC,2019-07-25 22:16:54 +0000 UTC,-23.6110917,-46.5709733,2019-07-25 23:06:18 +0000 UTC,-23.564655,-46.6803749,12.12,33.22,BRL
458,UberX,COMPLETED,2019-07-21 23:48:00 +0000 UTC,2019-07-21 23:50:53 +0000 UTC,-23.5593221,-46.6663949,2019-07-22 00:11:32 +0000 UTC,-23.5897394,-46.6339828,4.72,18.63,BRL
458,UberX,COMPLETED,2019-07-20 12:44:53 +0000 UTC,2019-07-20 12:46:13 +0000 UTC,-23.5924235,-46.6494383,2019-07-20 12:52:54 +0000 UTC,-23.5901449,-46.634857,1.19,7.89,BRL
458,UberX,COMPLETED,2019-07-20 11:12:36 +0000 UTC,2019-07-20 11:19:55 +0000 UTC,-23.5888573,-46.633139,2019-07-20 11:29:25 +0000 UTC,-23.5925744,-46.6485508,2.14,8.26,BRL
458,UberX,COMPLETED,2019-07-19 12:25:44 +0000 UTC,2019-07-19 12:29:53 +0000 UTC,-23.5897179,-46.6342228,2019-07-19 12:50:22 +0000 UTC,-23.6113086,-46.5708697,5.61,19.99,BRL
458,UberX,COMPLETED,2019-07-18 12:08:32 +0000 UTC,2019-07-18 12:11:42 +0000 UTC,-23.58969,-46.63422,2019-07-18 12:33:46 +0000 UTC,-23.61126,-46.57101,5.66,19.42,BRL
458,UberX,COMPLETED,2019-07-17 12:10:54 +0000 UTC,2019-07-17 12:15:55 +0000 UTC,-23.5896746,-46.6340267,2019-07-17 12:41:19 +0000 UTC,-23.6111714,-46.571065,5.8,19.64,BRL
458,UberX,COMPLETED,2019-07-15 12:23:00 +0000 UTC,2019-07-15 12:30:51 +0000 UTC,-23.5891936,-46.6342276,2019-07-15 12:52:28 +0000 UTC,-23.6111541,-46.5710089,5.54,19.04,BRL
458,UberX,COMPLETED,2019-07-15 00:53:44 +0000 UTC,2019-07-15 00:56:50 +0000 UTC,-23.5593153,-46.6664891,2019-07-15 01:13:22 +0000 UTC,-23.5897361,-46.6342802,4.76,18,BRL
458,UberX,COMPLETED,2019-07-13 20:01:32 +0000 UTC,2019-07-13 20:03:17 +0000 UTC,-23.5578867,-46.6779891,2019-07-13 20:08:48 +0000 UTC,-23.5593949,-46.6665817,1.28,7.72,BRL
458,UberX,COMPLETED,2019-07-13 17:10:48 +0000 UTC,2019-07-13 17:13:10 +0000 UTC,-23.5594863,-46.6664008,2019-07-13 17:21:29 +0000 UTC,-23.5578081,-46.6817216,1.54,7.71,BRL
458,UberX,COMPLETED,2019-07-11 12:13:43 +0000 UTC,2019-07-11 12:17:20 +0000 UTC,-23.5897003,-46.6340849,2019-07-11 12:44:02 +0000 UTC,-23.6113211,-46.5707727,5.73,19.58,BRL
458,UberX,COMPLETED,2019-07-10 11:58:07 +0000 UTC,2019-07-10 12:03:06 +0000 UTC,-23.5897062,-46.6340095,2019-07-10 12:29:36 +0000 UTC,-23.6112737,-46.570818,5.81,19.34,BRL
458,UberX,COMPLETED,2019-07-10 00:19:23 +0000 UTC,2019-07-10 00:23:10 +0000 UTC,-23.5593685,-46.6665249,2019-07-10 00:43:28 +0000 UTC,-23.5896776,-46.6339224,8.1,15.74,BRL
458,UberX,COMPLETED,2019-07-04 16:43:07 +0000 UTC,2019-07-04 16:46:17 +0000 UTC,-23.613205,-46.5728223,2019-07-04 16:49:55 +0000 UTC,-23.6114832,-46.570899,0.29,6.94,BRL
458,UberX,COMPLETED,2019-07-03 11:35:33 +0000 UTC,2019-07-03 11:38:28 +0000 UTC,-23.58968,-46.63409,2019-07-03 12:04:08 +0000 UTC,-23.61135,-46.57091,5.53,19.64,BRL
458,UberX,COMPLETED,2019-07-02 12:05:14 +0000 UTC,2019-07-02 12:08:37 +0000 UTC,-23.5897049,-46.6340091,2019-07-02 12:33:55 +0000 UTC,-23.6113042,-46.5708159,5.73,19.83,BRL
458,UberX,COMPLETED,2019-07-01 12:04:04 +0000 UTC,2019-07-01 12:09:25 +0000 UTC,-23.5897161,-46.63403,2019-07-01 12:32:53 +0000 UTC,-23.6113413,-46.5707881,5.63,19.49,BRL
458,UberX,CANCELED,2019-07-01 12:01:53 +0000 UTC,1970-01-01 00:00:00 +0000 UTC,-23.5906617,-46.6318517,1970-01-01 00:00:00 +0000 UTC,-23.5906881,-46.6347426,0,0,BRL
458,UberX,COMPLETED,2019-06-18 12:29:02 +0000 UTC,2019-06-18 12:31:51 +0000 UTC,-23.5898833,-46.633995,2019-06-18 12:52:22 +0000 UTC,-23.6113665,-46.5709412,5.57,19.78,BRL
458,UberX,COMPLETED,2019-06-17 12:09:01 +0000 UTC,2019-06-17 12:12:50 +0000 UTC,-23.58966,-46.634,2019-06-17 12:37:07 +0000 UTC,-23.6114896,-46.5708406,5.42,19.49,BRL
458,UberX,COMPLETED,2019-06-14 10:49:09 +0000 UTC,2019-06-14 10:51:10 +0000 UTC,-23.5690118,-46.6610446,2019-06-14 10:59:50 +0000 UTC,-23.5594191,-46.6663381,1.4,7.1,BRL
458,UberX,COMPLETED,2019-06-14 10:19:23 +0000 UTC,2019-06-14 10:22:26 +0000 UTC,-23.5594269,-46.6662434,2019-06-14 10:31:04 +0000 UTC,-23.5688799,-46.6610875,1.31,7.29,BRL
458,UberX,COMPLETED,2019-06-11 10:58:41 +0000 UTC,2019-06-11 11:01:13 +0000 UTC,-23.6239138,-46.5657019,2019-06-11 11:13:39 +0000 UTC,-23.611196,-46.571191,1.23,8.52,BRL
458,UberX,COMPLETED,2019-06-11 09:28:32 +0000 UTC,2019-06-11 09:33:21 +0000 UTC,-23.5896797,-46.6342871,2019-06-11 09:59:11 +0000 UTC,-23.6235222,-46.5656995,6.19,25.1,BRL
458,UberX,COMPLETED,2019-06-10 12:27:16 +0000 UTC,2019-06-10 12:30:23 +0000 UTC,-23.58974,-46.63425,2019-06-10 12:56:04 +0000 UTC,-23.61148,-46.57081,5.67,18.9,BRL
458,UberX,COMPLETED,2019-06-10 00:12:44 +0000 UTC,2019-06-10 00:17:26 +0000 UTC,-23.5590107,-46.6666068,2019-06-10 00:39:41 +0000 UTC,-23.5897059,-46.6340259,4.97,16.68,BRL
458,UberX,COMPLETED,2019-06-09 16:38:44 +0000 UTC,2019-06-09 16:45:33 +0000 UTC,-23.5593224,-46.6664261,2019-06-09 17:00:03 +0000 UTC,-23.5765285,-46.657221,2.08,10.87,BRL
458,UberX,COMPLETED,2019-06-06 12:16:58 +0000 UTC,2019-06-06 12:20:15 +0000 UTC,-23.589741,-46.6340402,2019-06-06 12:46:15 +0000 UTC,-23.6113663,-46.57086,5.77,20.22,BRL
458,UberX,COMPLETED,2019-06-05 18:08:55 +0000 UTC,2019-06-05 18:09:25 +0000 UTC,-23.6114045,-46.5707811,2019-06-05 18:18:08 +0000 UTC,-23.6234363,-46.5657323,1.12,6.94,BRL
458,UberX,COMPLETED,2019-06-04 12:11:57 +0000 UTC,2019-06-04 12:16:22 +0000 UTC,-23.589742,-46.6340759,2019-06-04 12:38:40 +0000 UTC,-23.6114641,-46.570791,5.49,19.22,BRL
458,UberX,COMPLETED,2019-06-01 22:27:44 +0000 UTC,2019-06-01 22:30:07 +0000 UTC,-23.5594375,-46.6665555,2019-06-01 22:42:01 +0000 UTC,-23.5813131,-46.6805361,2.49,16.48,BRL
458,UberX,COMPLETED,2019-05-30 00:58:42 +0000 UTC,2019-05-30 01:01:40 +0000 UTC,-23.55574,-46.65554,2019-05-30 01:08:32 +0000 UTC,-23.55931,-46.66663,1.24,7.02,BRL
458,UberX,COMPLETED,2019-05-26 00:40:23 +0000 UTC,2019-05-26 00:43:07 +0000 UTC,-23.55944,-46.66647,2019-05-26 00:56:00 +0000 UTC,-23.56342,-46.65128,1.59,7.28,BRL
458,UberX,COMPLETED,2019-05-25 23:45:30 +0000 UTC,2019-05-25 23:48:47 +0000 UTC,-23.5897183,-46.6341183,2019-05-26 00:07:06 +0000 UTC,-23.5593653,-46.6664751,4.26,13.75,BRL
458,UberX,COMPLETED,2019-05-15 12:29:54 +0000 UTC,2019-05-15 12:33:45 +0000 UTC,-23.589691,-46.6339723,2019-05-15 12:58:38 +0000 UTC,-23.6114347,-46.5707262,5.58,19.45,BRL
458,UberX,COMPLETED,2019-05-13 20:20:45 +0000 UTC,2019-05-13 20:25:07 +0000 UTC,-23.6114492,-46.5706985,2019-05-13 20:34:25 +0000 UTC,-23.6235879,-46.5657363,1.1,6.59,BRL
458,UberX,COMPLETED,2019-05-10 15:04:57 +0000 UTC,2019-05-10 15:08:08 +0000 UTC,-23.611414,-46.5708755,2019-05-10 15:16:10 +0000 UTC,-23.6190552,-46.5656031,0.78,7.07,BRL
458,UberX,COMPLETED,2019-05-10 11:52:39 +0000 UTC,2019-05-10 11:57:14 +0000 UTC,-23.5897467,-46.6340333,2019-05-10 12:23:10 +0000 UTC,-23.611284,-46.5710134,5.58,21.43,BRL
458,UberX,COMPLETED,2019-05-09 12:22:56 +0000 UTC,2019-05-09 12:25:33 +0000 UTC,-23.5897113,-46.6340817,2019-05-09 12:51:07 +0000 UTC,-23.6114657,-46.5707776,5.64,20.05,BRL
458,UberX,COMPLETED,2019-05-08 12:12:36 +0000 UTC,2019-05-08 12:17:03 +0000 UTC,-23.5896233,-46.634093,2019-05-08 12:41:38 +0000 UTC,-23.6113924,-46.570781,5.61,19.87,BRL
458,UberX,COMPLETED,2019-05-06 12:26:02 +0000 UTC,2019-05-06 12:27:19 +0000 UTC,-23.5897485,-46.6343488,2019-05-06 12:54:58 +0000 UTC,-23.6113489,-46.5708553,5.64,20.73,BRL
458,UberX,COMPLETED,2019-05-05 22:06:54 +0000 UTC,2019-05-05 22:09:08 +0000 UTC,-23.5594388,-46.6665321,2019-05-05 22:34:00 +0000 UTC,-23.589699,-46.6338321,4.47,25.19,BRL
458,UberX,DRIVER_CANCELED,2019-05-05 22:04:53 +0000 UTC,2019-05-05 22:05:52 +0000 UTC,-23.56005,-46.66576,1970-01-01 00:00:00 +0000 UTC,-23.55945,-46.66647,0,0,BRL
458,UberX,COMPLETED,2019-05-05 01:53:46 +0000 UTC,2019-05-05 01:56:41 +0000 UTC,-23.5593884,-46.6664782,2019-05-05 02:18:30 +0000 UTC,-23.5897046,-46.6342625,4.48,13.64,BRL
458,UberX,COMPLETED,2019-05-04 20:53:27 +0000 UTC,2019-05-04 20:58:13 +0000 UTC,-23.4995799,-46.6442812,2019-05-04 21:21:40 +0000 UTC,-23.5593208,-46.6665461,5.57,16.44,BRL
458,UberX,COMPLETED,2019-05-04 17:10:45 +0000 UTC,2019-05-04 17:17:35 +0000 UTC,-23.5897167,-46.6342393,2019-05-04 17:52:24 +0000 UTC,-23.499651,-46.6443482,7.86,21.57,BRL
458,UberX,COMPLETED,2019-05-04 11:41:16 +0000 UTC,2019-05-04 11:42:29 +0000 UTC,-23.5593452,-46.6665243,2019-05-04 12:00:26 +0000 UTC,-23.5897766,-46.6350174,3.49,14.12,BRL
458,UberX,COMPLETED,2019-05-01 20:01:26 +0000 UTC,2019-05-01 20:07:30 +0000 UTC,-23.5897309,-46.6342817,2019-05-01 20:19:29 +0000 UTC,-23.5718541,-46.6435307,1.48,7.03,BRL
458,UberX,COMPLETED,2019-04-30 01:38:40 +0000 UTC,2019-04-30 01:44:53 +0000 UTC,-23.559488,-46.6663148,2019-04-30 02:02:05 +0000 UTC,-23.5897042,-46.6340583,4.22,13.43,BRL
458,UberX,COMPLETED,2019-04-27 23:30:22 +0000 UTC,2019-04-27 23:37:07 +0000 UTC,-23.5897204,-46.634141,2019-04-27 23:58:14 +0000 UTC,-23.5592778,-46.6664928,4.31,15.39,BRL
458,UberX,COMPLETED,2019-04-27 14:54:16 +0000 UTC,2019-04-27 14:57:26 +0000 UTC,-23.559341,-46.6666081,2019-04-27 15:22:21 +0000 UTC,-23.5897152,-46.6339973,4.73,20.39,BRL
458,UberX,COMPLETED,2019-04-26 23:59:37 +0000 UTC,2019-04-27 00:03:12 +0000 UTC,-23.55936,-46.6666,2019-04-27 00:08:33 +0000 UTC,-23.56548,-46.66629,0.64,7.69,BRL
458,UberX,COMPLETED,2019-04-22 00:58:59 +0000 UTC,2019-04-22 01:03:00 +0000 UTC,-23.5593064,-46.6665286,2019-04-22 01:22:29 +0000 UTC,-23.5897333,-46.6340835,4.7,20.13,BRL
458,UberX,COMPLETED,2019-04-18 15:35:41 +0000 UTC,2019-04-18 15:37:50 +0000 UTC,-23.6114461,-46.5707443,2019-04-18 15:53:19 +0000 UTC,-23.6267726,-46.5798585,1.91,10,BRL
458,UberX,COMPLETED,2019-04-18 12:25:32 +0000 UTC,2019-04-18 12:29:21 +0000 UTC,-23.5897123,-46.6342531,2019-04-18 12:51:16 +0000 UTC,-23.6114035,-46.5707249,5.31,20.33,BRL
458,Black,COMPLETED,2019-04-14 21:23:39 +0000 UTC,2019-04-14 21:31:07 +0000 UTC,-23.5592484,-46.6665,2019-04-14 22:01:25 +0000 UTC,-23.5897353,-46.6342724,4.84,27.11,BRL
458,UberX,COMPLETED,2019-03-30 22:29:15 +0000 UTC,2019-03-30 22:33:22 +0000 UTC,-23.5595459,-46.6662681,2019-03-30 22:45:22 +0000 UTC,-23.5691332,-46.6602163,1.78,7.57,BRL
458,UberX,COMPLETED,2019-03-30 01:19:10 +0000 UTC,2019-03-30 01:28:02 +0000 UTC,-23.5640903,-46.652892,2019-03-30 01:40:49 +0000 UTC,-23.5593737,-46.6663778,1.45,6.6,BRL
458,UberX,COMPLETED,2019-03-28 03:24:02 +0000 UTC,2019-03-28 03:26:26 +0000 UTC,-23.6113725,-46.5708344,2019-03-28 03:45:48 +0000 UTC,-23.5897415,-46.6342876,5.34,13.54,BRL
458,UberX,COMPLETED,2019-03-26 02:35:16 +0000 UTC,2019-03-26 02:38:14 +0000 UTC,-23.6113673,-46.5708006,2019-03-26 02:55:36 +0000 UTC,-23.589711,-46.6341624,5.31,13.63,BRL
458,UberEATS Marketplace,COMPLETED,2019-03-24 16:18:32 +0000 UTC,2019-03-24 16:18:36 +0000 UTC,-23.5898427,-46.6342861,2019-03-24 16:37:34 +0000 UTC,-23.5898427,-46.6342861,0.58,36.9,BRL
458,UberX,COMPLETED,2019-03-24 02:39:48 +0000 UTC,2019-03-24 02:41:59 +0000 UTC,-23.5452961,-46.6519447,2019-03-24 02:57:41 +0000 UTC,-23.5899127,-46.6347363,5.44,15.14,BRL
458,UberX,COMPLETED,2019-03-23 21:55:22 +0000 UTC,2019-03-23 22:05:03 +0000 UTC,-23.58969,-46.63426,2019-03-23 22:21:34 +0000 UTC,-23.5552,-46.65715,3.08,12.49,BRL
458,UberX,COMPLETED,2019-03-23 01:01:46 +0000 UTC,2019-03-23 01:04:42 +0000 UTC,-23.5593629,-46.6666459,2019-03-23 01:21:17 +0000 UTC,-23.5610824,-46.6920423,2.35,10.12,BRL
458,UberX,COMPLETED,2019-03-21 10:37:10 +0000 UTC,2019-03-21 10:42:44 +0000 UTC,-23.5897283,-46.6342752,2019-03-21 11:24:43 +0000 UTC,-23.5706603,-46.693383,5.15,18.96,BRL
458,UberX,COMPLETED,2019-03-17 21:25:10 +0000 UTC,2019-03-17 21:30:58 +0000 UTC,-23.5594013,-46.6664608,2019-03-17 21:56:20 +0000 UTC,-23.5897971,-46.634184,4.45,18.69,BRL
458,UberEATS Marketplace,COMPLETED,2019-03-06 22:35:30 +0000 UTC,2019-03-06 22:35:33 +0000 UTC,-23.5898427,-46.6342861,2019-03-06 23:19:09 +0000 UTC,-23.5898427,-46.6342861,4.51,95.4,BRL
458,UberX,COMPLETED,2019-02-28 12:13:54 +0000 UTC,2019-02-28 12:16:20 +0000 UTC,-23.5717472,-46.6898028,2019-02-28 13:09:22 +0000 UTC,-23.6113438,-46.570978,12.17,37.04,BRL
458,UberX,COMPLETED,2019-02-24 01:22:43 +0000 UTC,2019-02-24 01:23:46 +0000 UTC,-23.5593992,-46.6665127,2019-02-24 01:46:38 +0000 UTC,-23.5896775,-46.6342089,4.28,21.26,BRL
458,UberX,COMPLETED,2019-02-16 02:56:05 +0000 UTC,2019-02-16 02:59:37 +0000 UTC,-23.5885035,-46.6788664,2019-02-16 03:14:47 +0000 UTC,-23.5592277,-46.6631332,3.1,12.51,BRL
458,UberX,COMPLETED,2019-02-15 23:08:51 +0000 UTC,2019-02-15 23:13:05 +0000 UTC,-23.55935,-46.66324,2019-02-15 23:39:54 +0000 UTC,-23.58854,-46.67881,3.25,26.52,BRL
458,UberX,COMPLETED,2019-02-12 08:55:24 +0000 UTC,2019-02-12 09:06:56 +0000 UTC,-23.5897115,-46.6340388,2019-02-12 09:25:30 +0000 UTC,-23.5691248,-46.6612174,3.42,20.18,BRL
458,UberX,COMPLETED,2019-02-10 21:04:57 +0000 UTC,2019-02-10 21:08:45 +0000 UTC,-23.55938,-46.66327,2019-02-10 21:30:48 +0000 UTC,-23.58967,-46.634,3.98,15.71,BRL
458,UberX,COMPLETED,2019-02-09 16:22:11 +0000 UTC,2019-02-09 16:25:43 +0000 UTC,-23.5896864,-46.6343055,2019-02-09 16:50:39 +0000 UTC,-23.5593764,-46.6631889,3.46,13.59,BRL
458,UberX,COMPLETED,2019-02-08 23:27:11 +0000 UTC,2019-02-08 23:32:04 +0000 UTC,-23.5592649,-46.6631047,2019-02-08 23:50:17 +0000 UTC,-23.5462117,-46.6486085,1.82,10.37,BRL
458,UberX,COMPLETED,2019-02-06 00:48:30 +0000 UTC,2019-02-06 00:55:58 +0000 UTC,-23.5036571,-46.6371254,2019-02-06 01:21:05 +0000 UTC,-23.5896768,-46.6341683,9.16,25.66,BRL
458,UberX,COMPLETED,2019-02-05 09:57:28 +0000 UTC,2019-02-05 10:00:57 +0000 UTC,-23.5896949,-46.6341535,2019-02-05 10:26:59 +0000 UTC,-23.6090984,-46.6666032,3.27,15.78,BRL
458,UberX,COMPLETED,2019-02-01 10:40:32 +0000 UTC,2019-02-01 10:44:14 +0000 UTC,-23.589695,-46.63406,2019-02-01 11:10:18 +0000 UTC,-23.6114817,-46.5706559,5.48,28.64,BRL
458,UberX,COMPLETED,2019-01-25 15:43:17 +0000 UTC,2019-01-25 15:43:59 +0000 UTC,-23.6267293,-46.5798443,2019-01-25 15:55:51 +0000 UTC,-23.6114035,-46.5708554,1.82,7.98,BRL
458,UberX,COMPLETED,2019-01-25 11:51:38 +0000 UTC,2019-01-25 11:57:25 +0000 UTC,-23.58968,-46.6341,2019-01-25 12:24:13 +0000 UTC,-23.61151,-46.57074,5.74,19.75,BRL
458,UberX,COMPLETED,2019-01-15 00:15:32 +0000 UTC,2019-01-15 00:16:49 +0000 UTC,-23.5719151,-46.6590821,2019-01-15 00:24:18 +0000 UTC,-23.5592587,-46.66303,1.27,9.38,BRL
458,UberX,COMPLETED,2019-01-10 01:30:10 +0000 UTC,2019-01-10 01:33:21 +0000 UTC,-23.5594273,-46.6631817,2019-01-10 01:51:25 +0000 UTC,-23.5897222,-46.6341299,3.92,17.99,BRL
458,Juntos,CANCELED,2019-01-09 09:38:05 +0000 UTC,1970-01-01 00:00:00 +0000 UTC,,,1970-01-01 00:00:00 +0000 UTC,,,0,0,BRL
458,UberX,COMPLETED,2019-01-09 09:01:57 +0000 UTC,2019-01-09 09:05:01 +0000 UTC,-23.5593656,-46.6632726,2019-01-09 09:11:14 +0000 UTC,-23.5690166,-46.661077,0.97,7.87,BRL
458,UberX,COMPLETED,2018-12-06 01:05:03 +0000 UTC,2018-12-06 01:23:57 +0000 UTC,-23.6249732,-46.7006422,2018-12-06 01:45:19 +0000 UTC,-23.5593704,-46.6632237,7.13,23.1,BRL
458,UberX,COMPLETED,2018-12-03 20:36:23 +0000 UTC,2018-12-03 20:44:51 +0000 UTC,-23.5036523,-46.6372415,2018-12-03 20:56:10 +0000 UTC,-23.5368778,-46.6634445,3.36,13.8,BRL
458,UberX,COMPLETED,2018-11-30 09:00:23 +0000 UTC,2018-11-30 09:09:19 +0000 UTC,-23.5035991,-46.6371439,2018-11-30 09:51:26 +0000 UTC,-23.6114086,-46.5707626,11.63,38.51,BRL
458,UberX,COMPLETED,2018-11-29 23:53:12 +0000 UTC,2018-11-29 23:57:27 +0000 UTC,-23.5593768,-46.6633257,2018-11-30 00:28:18 +0000 UTC,-23.5036558,-46.6370967,5.91,11.6,BRL
458,UberX,COMPLETED,2018-11-24 20:07:02 +0000 UTC,2018-11-24 20:09:15 +0000 UTC,-23.5116574,-46.62522,2018-11-24 20:14:48 +0000 UTC,-23.5139202,-46.6191831,0.97,7.6,BRL
458,UberX,COMPLETED,2018-11-24 16:32:29 +0000 UTC,2018-11-24 16:38:26 +0000 UTC,-23.5034515,-46.6373751,2018-11-24 16:50:57 +0000 UTC,-23.5144517,-46.6163633,2.46,11.34,BRL
458,UberX,COMPLETED,2018-11-24 11:42:41 +0000 UTC,2018-11-24 11:44:57 +0000 UTC,-23.5593883,-46.66308,2018-11-24 11:51:08 +0000 UTC,-23.5690601,-46.6611127,0.93,7.63,BRL
458,UberX,COMPLETED,2018-11-23 00:53:12 +0000 UTC,2018-11-23 00:57:32 +0000 UTC,-23.5593642,-46.6631295,2018-11-23 01:19:29 +0000 UTC,-23.5036539,-46.6371543,6.05,20.53,BRL
458,UberEATS Marketplace,COMPLETED,2018-11-10 00:27:13 +0000 UTC,2018-11-10 00:27:17 +0000 UTC,-23.5595012,-46.6631188,2018-11-10 01:26:32 +0000 UTC,-23.5595012,-46.6631188,3,43.1,BRL
458,UberX,COMPLETED,2018-09-10 10:27:08 +0000 UTC,2018-09-10 10:32:43 +0000 UTC,-23.5598233,-46.6633933,2018-09-10 10:37:18 +0000 UTC,-23.5617133,-46.658159,0.51,7.85,BRL
458,UberX,COMPLETED,2018-09-06 23:06:56 +0000 UTC,2018-09-06 23:17:30 +0000 UTC,-23.6114841,-46.5707598,2018-09-07 00:15:12 +0000 UTC,-23.55575,-46.6552617,9.9,44.68,BRL
458,UberEATS Marketplace,COMPLETED,2018-09-05 23:29:22 +0000 UTC,2018-09-05 23:29:29 +0000 UTC,-23.5595012,-46.6631188,2018-09-06 00:08:02 +0000 UTC,-23.5595012,-46.6631188,1.81,62.9,BRL
458,UberX,CANCELED,2018-08-30 20:31:24 +0000 UTC,1970-01-01 00:00:00 +0000 UTC,-23.5943467,-46.6804217,1970-01-01 00:00:00 +0000 UTC,-23.5958767,-46.6799333,0,0,BRL
458,UberX,CANCELED,2018-08-30 20:29:41 +0000 UTC,1970-01-01 00:00:00 +0000 UTC,-23.5909909,-46.682831,1970-01-01 00:00:00 +0000 UTC,-23.5909317,-46.68235,0,0,BRL
458,UberX,COMPLETED,2018-08-26 02:15:10 +0000 UTC,2018-08-26 02:19:47 +0000 UTC,-23.5564945,-46.6579644,2018-08-26 02:24:23 +0000 UTC,-23.5593646,-46.6632126,0.48,7.83,BRL
458,UberX,COMPLETED,2018-08-25 22:12:23 +0000 UTC,2018-08-25 22:16:52 +0000 UTC,-23.5594412,-46.6632118,2018-08-25 22:24:08 +0000 UTC,-23.5542748,-46.6561255,0.76,7.89,BRL
458,UberX,COMPLETED,2018-08-25 21:40:46 +0000 UTC,2018-08-25 21:44:59 +0000 UTC,-23.5036668,-46.6370041,2018-08-25 22:09:01 +0000 UTC,-23.5592926,-46.6631932,5.26,21.43,BRL
458,Pool,CANCELED,2018-08-14 11:19:14 +0000 UTC,1970-01-01 00:00:00 +0000 UTC,,,1970-01-01 00:00:00 +0000 UTC,,,0,0,BRL
458,UberX,COMPLETED,2018-08-05 03:02:26 +0000 UTC,2018-08-05 03:08:07 +0000 UTC,-23.6322262,-46.7228288,2018-08-05 03:35:37 +0000 UTC,-23.5593606,-46.6631198,9.99,34.69,BRL
458,UberX,COMPLETED,2018-08-04 20:36:37 +0000 UTC,2018-08-04 20:40:59 +0000 UTC,-23.5593238,-46.6630541,2018-08-04 20:54:00 +0000 UTC,-23.5716401,-46.6882496,2.37,12.1,BRL
458,UberX,COMPLETED,2018-08-04 19:12:54 +0000 UTC,2018-08-04 19:17:42 +0000 UTC,-23.50358047,-46.6370046,2018-08-04 19:39:39 +0000 UTC,-23.56023173,-46.66414962,4.32,18.89,BRL
458,Pool: MATCHED,COMPLETED,2018-08-04 13:46:36 +0000 UTC,2018-08-04 13:51:31 +0000 UTC,-23.5594133,-46.6631883,2018-08-04 14:54:49 +0000 UTC,-23.5033043,-46.636905,12.99,20.84,BRL
458,UberX,CANCELED,2018-08-01 21:06:41 +0000 UTC,1970-01-01 00:00:00 +0000 UTC,-23.6047826,-46.5561827,1970-01-01 00:00:00 +0000 UTC,-23.6045413,-46.5559679,0,0,BRL
458,Pool,CANCELED,2018-08-01 11:45:26 +0000 UTC,1970-01-01 00:00:00 +0000 UTC,-23.49250069,-46.64540682,1970-01-01 00:00:00 +0000 UTC,-23.49250069,-46.64540682,0,0,BRL
458,Pool,CANCELED,2018-08-01 11:40:34 +0000 UTC,1970-01-01 00:00:00 +0000 UTC,,,1970-01-01 00:00:00 +0000 UTC,,,0,0,BRL
458,Pool,CANCELED,2018-08-01 11:37:57 +0000 UTC,1970-01-01 00:00:00 +0000 UTC,,,1970-01-01 00:00:00 +0000 UTC,,,0,0,BRL
458,Pool,COMPLETED,2018-07-30 11:20:34 +0000 UTC,2018-07-30 11:26:11 +0000 UTC,-23.5036936,-46.6371921,2018-07-30 12:16:51 +0000 UTC,-23.6113175,-46.5708262,12.02,37.97,BRL
458,UberX,COMPLETED,2018-07-28 23:27:06 +0000 UTC,2018-07-28 23:28:17 +0000 UTC,-23.5036402,-46.6370183,2018-07-28 23:48:32 +0000 UTC,-23.5593419,-46.6632209,5.23,21.61,BRL
458,UberX,COMPLETED,2018-07-28 12:11:47 +0000 UTC,2018-07-28 12:15:16 +0000 UTC,-23.5593524,-46.6631694,2018-07-28 12:19:04 +0000 UTC,-23.5619878,-46.6582328,0.59,7.85,BRL
458,Pool: MATCHED,COMPLETED,2018-07-23 11:26:52 +0000 UTC,2018-07-23 11:33:59 +0000 UTC,-23.5035695,-46.6370912,2018-07-23 12:26:48 +0000 UTC,-23.6116444,-46.5705324,12.17,35.41,BRL
458,UberX,COMPLETED,2018-07-21 01:26:52 +0000 UTC,2018-07-21 01:30:13 +0000 UTC,-23.6195186,-46.5603333,2018-07-21 02:12:58 +0000 UTC,-23.5589855,-46.6632146,11.29,32.08,BRL
458,Pool: MATCHED,COMPLETED,2018-07-20 11:55:50 +0000 UTC,2018-07-20 12:01:55 +0000 UTC,-23.50369409,-46.63550127,2018-07-20 12:51:31 +0000 UTC,-23.61134745,-46.57079129,10.18,27.04,BRL
458,UberX,COMPLETED,2018-07-19 01:12:39 +0000 UTC,2018-07-19 01:14:57 +0000 UTC,-23.5593349,-46.6631844,2018-07-19 01:37:07 +0000 UTC,-23.5036425,-46.6371866,5.92,25.3,BRL
458,Pool,DRIVER_CANCELED,2018-07-18 11:43:55 +0000 UTC,1970-01-01 00:00:00 +0000 UTC,-23.5031827,-46.6370732,1970-01-01 00:00:00 +0000 UTC,-23.5032252,-46.6371095,0,4,BRL
458,Pool: MATCHED,COMPLETED,2018-07-17 11:52:28 +0000 UTC,2018-07-17 11:55:28 +0000 UTC,-23.5036036,-46.6370739,2018-07-17 12:52:40 +0000 UTC,-23.6105865,-46.570705,16.15,35.73,BRL
458,UberX,COMPLETED,2018-07-17 00:37:02 +0000 UTC,2018-07-17 00:42:51 +0000 UTC,-23.5592363,-46.6632172,2018-07-17 01:01:31 +0000 UTC,-23.5036788,-46.637129,5.91,22.97,BRL
458,UberX,COMPLETED,2018-07-15 21:17:37 +0000 UTC,2018-07-15 21:19:34 +0000 UTC,-23.5023854,-46.6250207,2018-07-15 21:23:45 +0000 UTC,-23.5037043,-46.6327645,0.94,7.96,BRL
458,UberX,COMPLETED,2018-07-14 11:33:06 +0000 UTC,2018-07-14 11:37:34 +0000 UTC,-23.5035999,-46.6370959,2018-07-14 12:00:39 +0000 UTC,-23.5621533,-46.6578083,5.85,23.28,BRL
458,UberX,COMPLETED,2018-07-13 14:59:24 +0000 UTC,2018-07-13 15:00:25 +0000 UTC,-23.6114031,-46.570754,2018-07-13 15:05:51 +0000 UTC,-23.6190601,-46.5656531,0.77,6.1,BRL
458,UberX,COMPLETED,2018-07-13 10:29:07 +0000 UTC,2018-07-13 10:33:12 +0000 UTC,-23.5689867,-46.6610817,2018-07-13 11:04:06 +0000 UTC,-23.611265,-46.57126,8.45,33.36,BRL
458,UberX,DRIVER_CANCELED,2018-07-13 10:27:57 +0000 UTC,2018-07-13 10:28:19 +0000 UTC,-23.564253,-46.6581552,1970-01-01 00:00:00 +0000 UTC,-23.5642753,-46.6581409,0,0,BRL
458,UberX,COMPLETED,2018-07-13 09:26:47 +0000 UTC,2018-07-13 09:29:23 +0000 UTC,-23.5033924,-46.6365683,2018-07-13 09:56:33 +0000 UTC,-23.5690588,-46.6611788,6.48,25.41,BRL
458,UberX,COMPLETED,2018-07-12 23:18:17 +0000 UTC,2018-07-12 23:20:26 +0000 UTC,-23.6112389,-46.5708307,2018-07-12 23:58:25 +0000 UTC,-23.5035722,-46.6373399,11.94,33.7,BRL
458,Pool,CANCELED,2018-07-12 11:51:54 +0000 UTC,1970-01-01 00:00:00 +0000 UTC,,,1970-01-01 00:00:00 +0000 UTC,,,0,0,BRL
458,Pool,CANCELED,2018-07-12 11:44:50 +0000 UTC,1970-01-01 00:00:00 +0000 UTC,,,1970-01-01 00:00:00 +0000 UTC,,,0,0,BRL
458,UberX,COMPLETED,2018-07-04 16:59:00 +0000 UTC,2018-07-04 17:04:41 +0000 UTC,-23.6190554,-46.5653243,2018-07-04 17:12:22 +0000 UTC,-23.6111067,-46.5710737,1.15,6.8,BRL
458,UberX,COMPLETED,2018-06-29 02:33:45 +0000 UTC,2018-06-29 02:38:00 +0000 UTC,-23.5599892,-46.6962817,2018-06-29 03:02:30 +0000 UTC,-23.5034274,-46.637272,7.39,28.06,BRL
458,UberX,COMPLETED,2018-06-27 22:15:16 +0000 UTC,2018-06-27 22:17:40 +0000 UTC,-23.5625895,-46.6881511,2018-06-27 22:32:06 +0000 UTC,-23.5630296,-46.6670311,2.65,12.9,BRL
458,UberX,CANCELED,2018-06-27 16:30:16 +0000 UTC,1970-01-01 00:00:00 +0000 UTC,-23.5804933,-46.6445504,1970-01-01 00:00:00 +0000 UTC,-23.5805034,-46.644546,0,0,BRL
458,UberX,CANCELED,2018-06-27 16:29:07 +0000 UTC,1970-01-01 00:00:00 +0000 UTC,-23.5692306,-46.6633285,1970-01-01 00:00:00 +0000 UTC,-23.5698441,-46.6638818,0,0,BRL
458,UberX,CANCELED,2018-06-27 16:20:15 +0000 UTC,1970-01-01 00:00:00 +0000 UTC,-23.5899832,-46.6512897,1970-01-01 00:00:00 +0000 UTC,-23.5832569,-46.6549291,0,0,BRL
458,Pool,CANCELED,2018-06-27 16:18:46 +0000 UTC,1970-01-01 00:00:00 +0000 UTC,,,1970-01-01 00:00:00 +0000 UTC,,,0,0,BRL
458,UberX,COMPLETED,2018-06-27 11:52:29 +0000 UTC,2018-06-27 11:59:21 +0000 UTC,-23.5036074,-46.637366,2018-06-27 12:40:23 +0000 UTC,-23.5736364,-46.6556252,7.84,33.26,BRL
458,UberX,COMPLETED,2018-06-23 08:06:17 +0000 UTC,2018-06-23 08:15:08 +0000 UTC,-23.5593656,-46.6631384,2018-06-23 08:43:28 +0000 UTC,-23.5970083,-46.5748443,9.17,29.65,BRL
458,UberX,COMPLETED,2018-06-23 01:56:58 +0000 UTC,2018-06-23 01:59:56 +0000 UTC,-23.553586,-46.6942242,2018-06-23 02:14:02 +0000 UTC,-23.5592227,-46.6632374,3.17,14.41,BRL
458,UberX,COMPLETED,2018-06-22 22:36:08 +0000 UTC,2018-06-22 22:44:35 +0000 UTC,-23.5594121,-46.6631813,2018-06-22 23:06:10 +0000 UTC,-23.5536201,-46.6942272,3.25,16,BRL
458,UberX,COMPLETED,2018-06-22 11:25:42 +0000 UTC,2018-06-22 11:33:54 +0000 UTC,-23.5036157,-46.6370635,2018-06-22 11:55:28 +0000 UTC,-23.5595104,-46.663229,5.63,22.63,BRL
458,UberX,COMPLETED,2018-06-18 00:49:15 +0000 UTC,2018-06-18 00:57:31 +0000 UTC,-23.559408,-46.663193,2018-06-18 01:18:08 +0000 UTC,-23.503677,-46.6368987,6.16,23.17,BRL
458,UberX,COMPLETED,2018-06-17 20:41:57 +0000 UTC,2018-06-17 20:47:52 +0000 UTC,-23.5836596,-46.6692283,2018-06-17 21:00:03 +0000 UTC,-23.55945,-46.6632417,2.53,25.44,BRL
458,UberX,COMPLETED,2018-06-17 06:00:22 +0000 UTC,2018-06-17 06:05:33 +0000 UTC,-23.56316,-46.650285,2018-06-17 06:20:20 +0000 UTC,-23.5592518,-46.6630182,2.89,13.56,BRL
458,UberX,COMPLETED,2018-06-16 22:55:18 +0000 UTC,2018-06-16 22:58:33 +0000 UTC,-23.5590786,-46.6629062,2018-06-16 23:13:34 +0000 UTC,-23.5577831,-46.6898198,3.12,14.4,BRL
458,UberX,COMPLETED,2018-06-16 22:21:47 +0000 UTC,2018-06-16 22:26:27 +0000 UTC,-23.5036765,-46.6370318,2018-06-16 22:45:47 +0000 UTC,-23.5594317,-46.6633173,5.25,23.89,BRL
458,UberX,COMPLETED,2018-06-16 01:18:14 +0000 UTC,2018-06-16 01:19:24 +0000 UTC,-23.5817183,-46.63799,2018-06-16 01:25:37 +0000 UTC,-23.5867741,-46.642758,0.83,7.85,BRL
458,Pool,COMPLETED,2018-06-12 11:32:12 +0000 UTC,2018-06-12 11:42:11 +0000 UTC,-23.5036166,-46.6371808,2018-06-12 12:29:34 +0000 UTC,-23.6113574,-46.5708662,12.01,37.21,BRL
458,UberX,COMPLETED,2018-06-12 01:31:44 +0000 UTC,2018-06-12 01:37:38 +0000 UTC,-23.5599352,-46.6636739,2018-06-12 01:59:11 +0000 UTC,-23.5035759,-46.6371187,5.92,24.03,BRL
458,Pool,COMPLETED,2018-06-11 11:22:19 +0000 UTC,2018-06-11 11:26:49 +0000 UTC,-23.50357693,-46.63704792,2018-06-11 12:12:24 +0000 UTC,-23.61134558,-46.57091107,11.74,34.84,BRL
458,Pool,DRIVER_CANCELED,2018-06-09 18:31:05 +0000 UTC,1970-01-01 00:00:00 +0000 UTC,-23.6110771,-46.6692582,1970-01-01 00:00:00 +0000 UTC,-23.6117791,-46.6670808,0,4,BRL
458,UberX,COMPLETED,2018-06-07 00:29:14 +0000 UTC,2018-06-07 00:39:02 +0000 UTC,-23.5596,-46.6634633,2018-06-07 00:59:40 +0000 UTC,-23.503661,-46.6371771,5.64,23.76,BRL
458,uberX,COMPLETED,2018-06-06 11:31:28 +0000 UTC,2018-06-06 11:36:59 +0000 UTC,-23.503602,-46.6371914,2018-06-06 12:21:35 +0000 UTC,-23.6113811,-46.5707523,11.8,42.27,BRL
458,POOL,CANCELED,2018-06-06 11:30:35 +0000 UTC,1970-01-01 00:00:00 +0000 UTC,,,1970-01-01 00:00:00 +0000 UTC,,,0,0,BRL
458,uberX,COMPLETED,2018-06-04 11:24:39 +0000 UTC,2018-06-04 11:29:45 +0000 UTC,-23.5036275,-46.6371381,2018-06-04 12:47:09 +0000 UTC,-23.6114569,-46.5707386,17.98,38.47,BRL
458,POOL,CANCELED,2018-06-04 11:24:03 +0000 UTC,1970-01-01 00:00:00 +0000 UTC,,,1970-01-01 00:00:00 +0000 UTC,,,0,0,BRL
458,uberX,COMPLETED,2018-06-03 20:59:40 +0000 UTC,2018-06-03 21:02:59 +0000 UTC,-23.5026168,-46.6249744,2018-06-03 21:11:12 +0000 UTC,-23.5036469,-46.6371567,1.71,9.04,BRL
458,uberX,COMPLETED,2018-06-01 13:39:16 +0000 UTC,2018-06-01 13:45:12 +0000 UTC,-23.503762,-46.6372028,2018-06-01 13:49:57 +0000 UTC,-23.5032638,-46.6246263,0.85,7.96,BRL
458,uberX VIP,COMPLETED,2018-05-31 19:53:50 +0000 UTC,2018-05-31 19:59:03 +0000 UTC,-23.5035724,-46.6370465,2018-05-31 20:18:48 +0000 UTC,-23.5592879,-46.6632155,5.37,20.83,BRL
458,uberX VIP,COMPLETED,2018-05-31 02:36:36 +0000 UTC,2018-05-31 02:42:26 +0000 UTC,-23.6138208,-46.5709698,2018-05-31 03:14:07 +0000 UTC,-23.5036424,-46.6369836,11.94,34.99,BRL
458,uberX VIP,COMPLETED,2018-05-30 11:30:10 +0000 UTC,2018-05-30 11:33:04 +0000 UTC,-23.5036397,-46.6371266,2018-05-30 12:09:08 +0000 UTC,-23.6113486,-46.5709126,11.82,37.59,BRL
458,POOL,CANCELED,2018-05-28 11:30:08 +0000 UTC,1970-01-01 00:00:00 +0000 UTC,,,1970-01-01 00:00:00 +0000 UTC,,,0,0,BRL
458,uberX,COMPLETED,2018-05-26 22:33:20 +0000 UTC,2018-05-26 22:40:02 +0000 UTC,-23.5595084,-46.6631233,2018-05-26 22:50:12 +0000 UTC,-23.5601571,-46.6774145,1.28,18.06,BRL
458,,UNFULFILLED,2018-05-26 18:36:51 +0000 UTC,1970-01-01 00:00:00 +0000 UTC,,,1970-01-01 00:00:00 +0000 UTC,,,0,0,
458,POOL,COMPLETED,2018-05-25 11:42:54 +0000 UTC,2018-05-25 11:48:15 +0000 UTC,-23.5036275,-46.6370375,2018-05-25 12:23:56 +0000 UTC,-23.6111022,-46.57182,10.6,32.69,BRL
458,POOL,CANCELED,2018-05-24 11:28:31 +0000 UTC,1970-01-01 00:00:00 +0000 UTC,,,1970-01-01 00:00:00 +0000 UTC,,,0,0,BRL
458,POOL,COMPLETED,2018-05-21 11:24:27 +0000 UTC,2018-05-21 11:29:14 +0000 UTC,-23.50367,-46.6371585,2018-05-21 12:21:30 +0000 UTC,-23.6112414,-46.5708448,15.52,30.32,BRL
458,uberX VIP,COMPLETED,2018-05-19 23:02:03 +0000 UTC,2018-05-19 23:05:40 +0000 UTC,-23.5036593,-46.637445,2018-05-19 23:32:36 +0000 UTC,-23.5693051,-46.6599246,6.79,26.07,BRL
458,POOL,CANCELED,2018-05-17 01:58:05 +0000 UTC,1970-01-01 00:00:00 +0000 UTC,,,1970-01-01 00:00:00 +0000 UTC,,,0,0,BRL
458,uberX VIP,COMPLETED,2018-05-16 09:41:15 +0000 UTC,2018-05-16 09:46:33 +0000 UTC,-23.503607,-46.6370644,2018-05-16 10:22:55 +0000 UTC,-23.5583273,-46.6605763,5.32,23.72,BRL
458,POOL,CANCELED,2018-05-13 22:58:17 +0000 UTC,1970-01-01 00:00:00 +0000 UTC,,,1970-01-01 00:00:00 +0000 UTC,,,0,0,BRL
458,uberX VIP,CANCELED,2018-05-13 22:57:33 +0000 UTC,1970-01-01 00:00:00 +0000 UTC,-23.4856131,-46.652947,1970-01-01 00:00:00 +0000 UTC,-23.4859,-46.6529147,0,0,BRL
458,uberX VIP,COMPLETED,2018-05-05 23:19:32 +0000 UTC,2018-05-05 23:23:34 +0000 UTC,-23.5035872,-46.637101,2018-05-05 23:47:18 +0000 UTC,-23.5594438,-46.6633356,5.38,21.88,BRL
458,uberX VIP,DRIVER_CANCELED,2018-05-04 03:23:26 +0000 UTC,1970-01-01 00:00:00 +0000 UTC,-23.5591829,-46.6691083,1970-01-01 00:00:00 +0000 UTC,-23.5593013,-46.6632649,0,7,BRL
458,uberX VIP,COMPLETED,2018-05-04 02:46:45 +0000 UTC,2018-05-04 02:51:48 +0000 UTC,-23.6162615,-46.5703033,2018-05-04 03:22:22 +0000 UTC,-23.5593885,-46.6632331,10.36,20.47,BRL
458,uberX VIP,COMPLETED,2018-05-02 14:40:15 +0000 UTC,2018-05-02 14:44:41 +0000 UTC,-23.50354775,-46.63740558,2018-05-02 15:28:40 +0000 UTC,-23.611314,-46.57088793,10.68,32.84,BRL
458,uberX VIP,COMPLETED,2018-04-27 22:53:03 +0000 UTC,2018-04-27 22:59:48 +0000 UTC,-23.5032868,-46.6368664,2018-04-27 23:19:11 +0000 UTC,-23.5594235,-46.6633392,5.16,21.56,BRL
458,uberX VIP,CANCELED,2018-04-27 22:51:25 +0000 UTC,1970-01-01 00:00:00 +0000 UTC,-23.5122437,-46.6594567,1970-01-01 00:00:00 +0000 UTC,-23.5122464,-46.659457,0,0,BRL
458,uberX VIP,CANCELED,2018-04-27 21:44:07 +0000 UTC,1970-01-01 00:00:00 +0000 UTC,-23.5166514,-46.6246943,1970-01-01 00:00:00 +0000 UTC,-23.5166514,-46.6246943,0,0,BRL
458,uberX VIP,COMPLETED,2018-04-27 01:06:02 +0000 UTC,2018-04-27 01:09:35 +0000 UTC,-23.5158038,-46.6253752,2018-04-27 01:19:53 +0000 UTC,-23.5036409,-46.6373103,3.38,12.69,BRL
458,uberX VIP,COMPLETED,2018-04-26 00:38:52 +0000 UTC,2018-04-26 00:41:08 +0000 UTC,-23.502279,-46.6249357,2018-04-26 00:46:25 +0000 UTC,-23.5032905,-46.6369492,1.23,7.95,BRL
458,uberX VIP,COMPLETED,2018-04-24 00:40:51 +0000 UTC,2018-04-24 00:42:55 +0000 UTC,-23.5024764,-46.6249316,2018-04-24 00:49:21 +0000 UTC,-23.5032564,-46.6367743,1.19,7.95,BRL
458,uberX VIP,COMPLETED,2018-04-21 23:50:17 +0000 UTC,2018-04-21 23:57:21 +0000 UTC,-23.5036098,-46.6371217,2018-04-22 00:24:35 +0000 UTC,-23.5588653,-46.6908072,6.3,25.76,BRL
458,POOL,COMPLETED,2018-04-20 13:16:28 +0000 UTC,2018-04-20 13:20:13 +0000 UTC,-23.5835477,-46.6710115,2018-04-20 14:03:36 +0000 UTC,-23.6114303,-46.57086,9.29,26.2,BRL
458,uberX VIP,COMPLETED,2018-04-20 11:39:03 +0000 UTC,2018-04-20 11:41:51 +0000 UTC,-23.5036404,-46.6370776,2018-04-20 12:44:53 +0000 UTC,-23.5834123,-46.6704481,8.63,41.37,BRL
458,uberX VIP,COMPLETED,2018-04-19 00:55:27 +0000 UTC,2018-04-19 00:58:49 +0000 UTC,-23.51605753,-46.62527376,2018-04-19 01:07:35 +0000 UTC,-23.5035727,-46.63709984,3.45,10.88,BRL
458,uberX VIP,COMPLETED,2018-04-16 20:04:50 +0000 UTC,2018-04-16 20:08:16 +0000 UTC,-23.6113833,-46.5710295,2018-04-16 20:18:02 +0000 UTC,-23.6234972,-46.5657367,1.17,7.18,BRL
458,uberX VIP,COMPLETED,2018-04-15 23:18:40 +0000 UTC,2018-04-15 23:27:42 +0000 UTC,-23.5026364,-46.6249519,2018-04-15 23:34:17 +0000 UTC,-23.5033104,-46.6368075,0.15,11.27,BRL
458,uberX VIP,COMPLETED,2018-04-14 10:26:04 +0000 UTC,2018-04-14 10:32:47 +0000 UTC,-23.5036487,-46.636851,2018-04-14 10:55:54 +0000 UTC,-23.5618476,-46.6581413,6.39,21.15,BRL
458,uberX VIP,COMPLETED,2018-04-12 02:15:37 +0000 UTC,2018-04-12 02:18:26 +0000 UTC,-23.5021539,-46.6249528,2018-04-12 02:23:30 +0000 UTC,-23.5032674,-46.6369022,1.23,7.96,BRL
458,uberX VIP,COMPLETED,2018-04-08 07:15:00 +0000 UTC,2018-04-08 07:19:44 +0000 UTC,-23.5667179,-46.6521001,2018-04-08 07:36:41 +0000 UTC,-23.5034429,-46.6377608,6.96,32.18,BRL
458,uberX VIP,COMPLETED,2018-04-07 23:37:06 +0000 UTC,2018-04-07 23:47:18 +0000 UTC,-23.5036028,-46.6372776,2018-04-08 00:13:34 +0000 UTC,-23.5578202,-46.689901,6.02,25.45,BRL
458,uberX VIP,COMPLETED,2018-04-04 10:55:56 +0000 UTC,2018-04-04 10:58:35 +0000 UTC,-23.5035354,-46.6369715,2018-04-04 11:01:43 +0000 UTC,-23.5019996,-46.6273084,0.77,7.88,BRL
458,uberX VIP,COMPLETED,2018-04-02 01:00:43 +0000 UTC,2018-04-02 01:06:11 +0000 UTC,-23.5022069,-46.6249497,2018-04-02 01:11:27 +0000 UTC,-23.5032578,-46.6367459,1.21,11.31,BRL
458,uberX VIP,COMPLETED,2018-03-28 00:06:35 +0000 UTC,2018-03-28 00:13:57 +0000 UTC,-23.5022298,-46.6249504,2018-03-28 00:20:56 +0000 UTC,-23.5032054,-46.6370109,1.22,7.96,BRL
458,POOL,CANCELED,2018-03-25 06:57:54 +0000 UTC,2018-03-25 07:07:33 +0000 UTC,-23.5584929,-46.6909494,1970-01-01 00:00:00 +0000 UTC,-23.5586444,-46.6925756,0.17,11.47,BRL
458,uberX VIP,COMPLETED,2018-03-25 00:52:13 +0000 UTC,2018-03-25 01:04:10 +0000 UTC,-23.5036056,-46.6368862,2018-03-25 01:28:31 +0000 UTC,-23.5575996,-46.6895355,6.12,26.22,BRL
458,uberX VIP,CANCELED,2018-03-25 00:51:09 +0000 UTC,1970-01-01 00:00:00 +0000 UTC,-23.5148527,-46.6397213,1970-01-01 00:00:00 +0000 UTC,-23.5143931,-46.6373949,0,0,BRL
458,uberX VIP,COMPLETED,2018-03-24 03:18:12 +0000 UTC,2018-03-24 03:22:20 +0000 UTC,-23.5022044,-46.6249612,2018-03-24 03:27:30 +0000 UTC,-23.5032828,-46.6368119,1.21,7.94,BRL
458,uberX VIP,COMPLETED,2018-03-23 00:18:58 +0000 UTC,2018-03-23 00:25:32 +0000 UTC,-23.5023762,-46.6249566,2018-03-23 00:32:03 +0000 UTC,-23.5032569,-46.6370334,1.23,7.96,BRL
458,uberX VIP,COMPLETED,2018-03-21 23:35:10 +0000 UTC,2018-03-21 23:42:24 +0000 UTC,-23.5034304,-46.6249415,2018-03-21 23:49:01 +0000 UTC,-23.5032128,-46.6379457,1.18,7.94,BRL
458,POOL,CANCELED,2018-03-21 22:36:04 +0000 UTC,1970-01-01 00:00:00 +0000 UTC,,,1970-01-01 00:00:00 +0000 UTC,,,0,0,BRL
458,uberX VIP,COMPLETED,2018-03-21 21:04:04 +0000 UTC,2018-03-21 21:11:41 +0000 UTC,-23.6117591,-46.5725972,2018-03-21 21:54:45 +0000 UTC,-23.61105,-46.6948029,11.06,43.64,BRL
458,uberX VIP,DRIVER_CANCELED,2018-03-21 20:57:39 +0000 UTC,2018-03-21 21:01:02 +0000 UTC,-23.613498,-46.5718121,1970-01-01 00:00:00 +0000 UTC,-23.6117721,-46.5727258,0,0,BRL
458,POOL,COMPLETED,2018-03-20 13:34:22 +0000 UTC,2018-03-20 13:36:18 +0000 UTC,-23.6027814,-46.6742456,2018-03-20 14:14:29 +0000 UTC,-23.6112101,-46.5710416,9.73,28.62,BRL
458,POOL,COMPLETED,2018-03-20 10:26:40 +0000 UTC,2018-03-20 10:33:15 +0000 UTC,-23.5033612,-46.6365352,2018-03-20 12:05:06 +0000 UTC,-23.6019667,-46.6736382,14.21,34.73,BRL
458,POOL,CANCELED,2018-03-20 10:19:55 +0000 UTC,1970-01-01 00:00:00 +0000 UTC,-23.5070881,-46.6508775,1970-01-01 00:00:00 +0000 UTC,-23.5075929,-46.6509946,0,0,BRL
458,uberX VIP,COMPLETED,2018-03-20 01:08:40 +0000 UTC,2018-03-20 01:13:08 +0000 UTC,-23.5022514,-46.62494,2018-03-20 01:18:44 +0000 UTC,-23.5032583,-46.6368603,1.2,7.94,BRL
458,uberX VIP,COMPLETED,2018-03-18 12:28:56 +0000 UTC,2018-03-18 12:40:43 +0000 UTC,-23.5562948,-46.7504704,2018-03-18 13:07:57 +0000 UTC,-23.5036192,-46.6371554,12.34,38.45,BRL
458,uberX,COMPLETED,2018-03-18 03:39:14 +0000 UTC,2018-03-18 03:45:45 +0000 UTC,-23.5611433,-46.6826167,2018-03-18 04:05:16 +0000 UTC,-23.5564554,-46.7502916,7.06,37.51,BRL
458,uberX,COMPLETED,2018-03-17 23:36:35 +0000 UTC,2018-03-17 23:43:42 +0000 UTC,-23.503625,-46.6371342,2018-03-18 00:06:35 +0000 UTC,-23.5610276,-46.6826267,7.63,24.05,BRL
458,uberX,COMPLETED,2018-03-17 07:08:21 +0000 UTC,2018-03-17 07:11:45 +0000 UTC,-23.5788939,-46.6897465,2018-03-17 07:31:08 +0000 UTC,-23.5036494,-46.6371391,7.53,29.83,BRL
458,uberX,COMPLETED,2018-03-15 02:18:17 +0000 UTC,2018-03-15 02:21:00 +0000 UTC,-23.5025258,-46.6250768,2018-03-15 02:26:02 +0000 UTC,-23.5034208,-46.6368915,1.28,7.94,BRL
458,uberX,COMPLETED,2018-03-13 00:11:50 +0000 UTC,2018-03-13 00:16:29 +0000 UTC,-23.5023023,-46.6249509,2018-03-13 00:23:54 +0000 UTC,-23.5031981,-46.6372663,1.25,7.96,BRL
458,uberX,COMPLETED,2018-03-12 00:49:39 +0000 UTC,2018-03-12 00:55:57 +0000 UTC,-23.5024601,-46.6249293,2018-03-12 01:00:38 +0000 UTC,-23.5032457,-46.6366457,1.19,7.95,BRL
458,POOL: MATCHED,COMPLETED,2018-03-11 00:25:47 +0000 UTC,2018-03-11 00:30:42 +0000 UTC,-23.5036301,-46.6370067,2018-03-11 01:21:23 +0000 UTC,-23.6467813,-46.6304311,16.91,35.79,BRL
458,uberX,COMPLETED,2018-03-10 13:25:50 +0000 UTC,2018-03-10 13:27:19 +0000 UTC,-23.5035521,-46.6372191,2018-03-10 13:50:09 +0000 UTC,-23.5612468,-46.6565113,5.6,27.29,BRL
458,uberX,COMPLETED,2018-03-08 23:39:04 +0000 UTC,2018-03-08 23:42:43 +0000 UTC,-23.5023399,-46.6249642,2018-03-08 23:49:36 +0000 UTC,-23.503257,-46.6375048,1.29,7.95,BRL
458,uberX,COMPLETED,2018-03-07 23:14:28 +0000 UTC,2018-03-07 23:21:21 +0000 UTC,-23.5024055,-46.6249521,2018-03-07 23:28:56 +0000 UTC,-23.5032553,-46.6375279,1.24,7.95,BRL
458,uberX,COMPLETED,2018-03-07 01:13:28 +0000 UTC,2018-03-07 01:22:33 +0000 UTC,-23.5025757,-46.6249625,2018-03-07 01:30:15 +0000 UTC,-23.5032685,-46.6367701,1.18,7.94,BRL
458,POOL: MATCHED,COMPLETED,2018-03-04 21:44:41 +0000 UTC,2018-03-04 21:52:35 +0000 UTC,-23.5036068,-46.6373316,2018-03-04 22:21:39 +0000 UTC,-23.546632,-46.6042337,10,20.16,BRL
458,uberX,CANCELED,2018-03-04 21:43:00 +0000 UTC,1970-01-01 00:00:00 +0000 UTC,,,1970-01-01 00:00:00 +0000 UTC,,,0,0,BRL
458,POOL,DRIVER_CANCELED,2018-03-04 07:20:40 +0000 UTC,1970-01-01 00:00:00 +0000 UTC,-23.587246,-46.6923711,1970-01-01 00:00:00 +0000 UTC,-23.5944239,-46.6911574,0,4,BRL
458,POOL,COMPLETED,2018-03-04 00:55:50 +0000 UTC,2018-03-04 01:03:37 +0000 UTC,-23.5036539,-46.6371325,2018-03-04 01:31:14 +0000 UTC,-23.5954224,-46.6907119,9.5,28.55,BRL
458,uberX,COMPLETED,2018-03-02 23:00:19 +0000 UTC,2018-03-02 23:12:49 +0000 UTC,-23.5021188,-46.6249726,2018-03-02 23:19:26 +0000 UTC,-23.5032237,-46.6370332,1.22,8.14,BRL
458,uberX,COMPLETED,2018-03-01 23:16:33 +0000 UTC,2018-03-01 23:18:52 +0000 UTC,-23.5022793,-46.6249765,2018-03-01 23:26:12 +0000 UTC,-23.5025158,-46.6364897,1.22,7.99,BRL
458,uberX,COMPLETED,2018-03-01 02:13:29 +0000 UTC,2018-03-01 02:16:48 +0000 UTC,-23.5021544,-46.6249095,2018-03-01 02:21:55 +0000 UTC,-23.5033975,-46.6366088,1.2,7.96,BRL
458,uberX,COMPLETED,2018-02-28 01:14:28 +0000 UTC,2018-02-28 01:16:32 +0000 UTC,-23.50220268,-46.62490024,2018-02-28 01:23:50 +0000 UTC,-23.50243945,-46.63649619,1.25,7.96,BRL
458,uberX,COMPLETED,2018-02-26 23:59:36 +0000 UTC,2018-02-27 00:01:02 +0000 UTC,-23.5023509,-46.6249664,2018-02-27 00:08:03 +0000 UTC,-23.5032727,-46.636787,1.33,7.95,BRL
458,uberX,COMPLETED,2018-02-24 01:01:33 +0000 UTC,2018-02-24 01:04:28 +0000 UTC,-23.5022893,-46.6249839,2018-02-24 01:10:22 +0000 UTC,-23.5032013,-46.6377976,1.31,7.95,BRL
458,uberX,COMPLETED,2018-02-23 01:46:32 +0000 UTC,2018-02-23 01:54:27 +0000 UTC,-23.6110968,-46.5709264,2018-02-23 02:34:11 +0000 UTC,-23.5036221,-46.6371587,11.43,34.29,BRL
458,POOL: MATCHED,COMPLETED,2018-02-22 11:47:46 +0000 UTC,2018-02-22 11:53:53 +0000 UTC,-23.5036917,-46.6370667,2018-02-22 12:54:14 +0000 UTC,-23.6114767,-46.5707417,13.82,32.03,BRL
458,uberX,COMPLETED,2018-02-21 23:00:22 +0000 UTC,2018-02-21 23:01:45 +0000 UTC,-23.502362,-46.6249354,2018-02-21 23:07:59 +0000 UTC,-23.503197,-46.6368611,1.23,7.95,BRL
458,uberX,COMPLETED,2018-02-21 14:52:36 +0000 UTC,2018-02-21 14:54:48 +0000 UTC,-23.6234897,-46.5657144,2018-02-21 15:03:09 +0000 UTC,-23.6111316,-46.5711237,1.28,7.14,BRL
458,uberX,COMPLETED,2018-02-21 14:08:35 +0000 UTC,2018-02-21 14:11:43 +0000 UTC,-23.6112044,-46.5708718,2018-02-21 14:18:25 +0000 UTC,-23.6234899,-46.5656824,1.1,6.52,BRL
458,uberX,COMPLETED,2018-02-21 01:36:28 +0000 UTC,2018-02-21 01:38:22 +0000 UTC,-23.5023666,-46.6249063,2018-02-21 01:43:48 +0000 UTC,-23.5032882,-46.6367482,1.2,7.94,BRL
458,uberX,COMPLETED,2018-02-19 23:55:06 +0000 UTC,2018-02-20 00:02:32 +0000 UTC,-23.5021749,-46.6249729,2018-02-20 00:09:32 +0000 UTC,-23.503291,-46.636849,1.58,7.95,BRL
458,POOL: MATCHED,COMPLETED,2018-02-18 07:22:43 +0000 UTC,2018-02-18 07:28:58 +0000 UTC,-23.5952359,-46.691169,2018-02-18 08:06:59 +0000 UTC,-23.5032675,-46.6369339,10.48,34.78,BRL
458,POOL,COMPLETED,2018-02-18 00:24:47 +0000 UTC,2018-02-18 00:33:34 +0000 UTC,-23.5036653,-46.6370967,2018-02-18 01:04:46 +0000 UTC,-23.5951242,-46.691146,15.68,28.79,BRL
458,uberX,COMPLETED,2018-02-16 22:47:27 +0000 UTC,2018-02-16 22:51:56 +0000 UTC,-23.5466107,-46.690673,2018-02-16 22:59:17 +0000 UTC,-23.5595898,-46.6890604,1.29,8.07,BRL
458,uberX,COMPLETED,2018-02-16 01:17:11 +0000 UTC,2018-02-16 01:18:45 +0000 UTC,-23.5026105,-46.624944,2018-02-16 01:24:38 +0000 UTC,-23.5032008,-46.6375932,1.24,7.95,BRL
458,uberX,COMPLETED,2018-02-14 23:02:27 +0000 UTC,2018-02-14 23:05:31 +0000 UTC,-23.5022694,-46.6249734,2018-02-14 23:11:08 +0000 UTC,-23.5032163,-46.6377011,1.56,7.96,BRL
458,POOL,CANCELED,2018-02-14 13:21:23 +0000 UTC,1970-01-01 00:00:00 +0000 UTC,-23.491895,-46.63938,1970-01-01 00:00:00 +0000 UTC,-23.5150533,-46.63028,0,4,BRL
1449,uberX,CANCELED,2018-02-13 02:02:21 +0000 UTC,1970-01-01 00:00:00 +0000 UTC,-23.5040203,-45.1257189,1970-01-01 00:00:00 +0000 UTC,-23.5040533,-45.1258275,0,0,BRL
1449,,UNFULFILLED,2018-02-13 01:59:25 +0000 UTC,1970-01-01 00:00:00 +0000 UTC,,,1970-01-01 00:00:00 +0000 UTC,,,0,0,
1449,uberX,COMPLETED,2018-02-11 02:34:57 +0000 UTC,2018-02-11 02:57:56 +0000 UTC,-23.4580396,-45.0650156,2018-02-11 03:09:22 +0000 UTC,-23.4321942,-45.068019,2.56,11.31,BRL
1449,uberX,CANCELED,2018-02-11 02:20:27 +0000 UTC,1970-01-01 00:00:00 +0000 UTC,,,1970-01-01 00:00:00 +0000 UTC,,,0,0,BRL
458,uberX,COMPLETED,2018-02-05 23:23:13 +0000 UTC,2018-02-05 23:25:41 +0000 UTC,-23.5024831,-46.6249478,2018-02-05 23:31:59 +0000 UTC,-23.5032193,-46.6377141,1.27,7.97,BRL
458,uberX,COMPLETED,2018-02-04 20:57:40 +0000 UTC,2018-02-04 21:02:40 +0000 UTC,-23.5022532,-46.6249391,2018-02-04 21:27:38 +0000 UTC,-23.5035504,-46.6374929,5.18,21.75,BRL
458,uberX,COMPLETED,2018-02-03 13:40:07 +0000 UTC,2018-02-03 13:44:59 +0000 UTC,-23.5035707,-46.6370154,2018-02-03 14:10:20 +0000 UTC,-23.5617439,-46.657929,5.76,24.13,BRL
458,uberX,CANCELED,2018-02-01 00:06:00 +0000 UTC,1970-01-01 00:00:00 +0000 UTC,-23.5114606,-46.6258775,1970-01-01 00:00:00 +0000 UTC,-23.5114617,-46.6258713,0,0,BRL
458,POOL,CANCELED,2018-02-01 00:03:12 +0000 UTC,1970-01-01 00:00:00 +0000 UTC,-23.515434,-46.666899,1970-01-01 00:00:00 +0000 UTC,-23.5168073,-46.6671987,0,0,BRL
458,uberX,COMPLETED,2018-01-29 23:12:39 +0000 UTC,2018-01-29 23:17:25 +0000 UTC,-23.5023458,-46.624955,2018-01-29 23:25:38 +0000 UTC,-23.5036461,-46.6371739,1.72,8.83,BRL
458,uberX,COMPLETED,2018-01-28 06:33:27 +0000 UTC,2018-01-28 06:46:44 +0000 UTC,-23.5181943,-46.6766486,2018-01-28 07:01:26 +0000 UTC,-23.5039759,-46.639198,4.59,24.42,BRL
458,uberX,COMPLETED,2018-01-28 02:13:26 +0000 UTC,2018-01-28 02:15:40 +0000 UTC,-23.5956792,-46.6892175,2018-01-28 02:39:01 +0000 UTC,-23.5181919,-46.6766396,12.65,37.24,BRL
458,uberX,COMPLETED,2018-01-26 23:14:59 +0000 UTC,2018-01-26 23:16:28 +0000 UTC,-23.5022917,-46.62493,2018-01-26 23:25:48 +0000 UTC,-23.5035167,-46.637355,1.71,8.89,BRL
458,uberX,COMPLETED,2018-01-25 23:53:16 +0000 UTC,2018-01-25 23:56:03 +0000 UTC,-23.6109067,-46.5710433,2018-01-26 00:34:15 +0000 UTC,-23.5036583,-46.6368817,13.84,34.59,BRL
458,uberX,COMPLETED,2018-01-25 01:30:45 +0000 UTC,2018-01-25 01:39:16 +0000 UTC,-23.6084951,-46.5719114,2018-01-25 02:19:27 +0000 UTC,-23.5036722,-46.6372957,12.37,31.54,BRL
458,uberX,CANCELED,2018-01-24 00:10:24 +0000 UTC,1970-01-01 00:00:00 +0000 UTC,-23.5045228,-46.6249663,1970-01-01 00:00:00 +0000 UTC,-23.5067731,-46.6247816,0,0,BRL
458,uberX,COMPLETED,2018-01-22 23:23:38 +0000 UTC,2018-01-22 23:26:50 +0000 UTC,-23.5025425,-46.6249291,2018-01-22 23:35:14 +0000 UTC,-23.5036414,-46.6367785,1.74,8.68,BRL
458,POOL,COMPLETED,2018-01-20 12:32:33 +0000 UTC,2018-01-20 12:34:22 +0000 UTC,-23.5035448,-46.6373628,2018-01-20 13:07:14 +0000 UTC,-23.5938773,-46.6912427,11.81,28.1,BRL
458,POOL,CANCELED,2018-01-20 12:32:03 +0000 UTC,1970-01-01 00:00:00 +0000 UTC,,,1970-01-01 00:00:00 +0000 UTC,,,0,0,BRL
458,uberX,COMPLETED,2018-01-19 22:48:11 +0000 UTC,2018-01-19 22:55:15 +0000 UTC,-23.5022474,-46.6248938,2018-01-19 23:01:39 +0000 UTC,-23.5033387,-46.6372134,1.28,7.95,BRL
458,uberX,COMPLETED,2018-01-17 22:09:10 +0000 UTC,2018-01-17 22:12:26 +0000 UTC,-23.5022463,-46.6249536,2018-01-17 22:20:46 +0000 UTC,-23.5033095,-46.6372907,1.25,7.95,BRL
458,uberX,COMPLETED,2018-01-17 00:13:25 +0000 UTC,2018-01-17 00:15:55 +0000 UTC,-23.5023533,-46.6249554,2018-01-17 00:23:37 +0000 UTC,-23.5033634,-46.6369551,2.54,7.97,BRL
458,uberX,COMPLETED,2018-01-14 00:22:49 +0000 UTC,2018-01-14 00:25:51 +0000 UTC,-23.5033983,-46.63743,2018-01-14 00:37:31 +0000 UTC,-23.530175,-46.666265,3.15,17.7,BRL
458,UberBLACK,COMPLETED,2018-01-13 06:22:45 +0000 UTC,2018-01-13 06:26:11 +0000 UTC,-23.558226,-46.6905397,2018-01-13 06:48:00 +0000 UTC,-23.5036347,-46.637124,7.1,36.94,BRL
458,uberX,COMPLETED,2018-01-08 22:33:54 +0000 UTC,2018-01-08 22:36:45 +0000 UTC,-23.502357,-46.6249427,2018-01-08 22:43:52 +0000 UTC,-23.503322,-46.6366226,1.19,7.95,BRL
458,uberX,COMPLETED,2018-01-07 05:52:51 +0000 UTC,2018-01-07 05:58:04 +0000 UTC,-23.5301571,-46.6663194,2018-01-07 06:21:55 +0000 UTC,-23.4878848,-46.5947091,9.59,32.09,BRL
458,uberX,COMPLETED,2018-01-06 22:53:30 +0000 UTC,2018-01-06 22:58:14 +0000 UTC,-23.5035721,-46.6373708,2018-01-06 23:24:28 +0000 UTC,-23.5578345,-46.6898763,6.56,25.03,BRL
458,POOL,COMPLETED,2018-01-06 15:12:47 +0000 UTC,2018-01-06 15:14:56 +0000 UTC,-23.5823818,-46.6643228,2018-01-06 15:49:22 +0000 UTC,-23.503591,-46.6371741,9.53,26.4,BRL
458,uberX,COMPLETED,2018-01-06 12:37:06 +0000 UTC,2018-01-06 12:38:25 +0000 UTC,-23.5617674,-46.6581194,2018-01-06 12:48:13 +0000 UTC,-23.5823728,-46.6644769,2.09,11.3,BRL
458,uberX,COMPLETED,2018-01-06 10:16:00 +0000 UTC,2018-01-06 10:22:11 +0000 UTC,-23.5036039,-46.6371519,2018-01-06 10:42:12 +0000 UTC,-23.5616819,-46.658152,6.41,22.48,BRL
458,POOL,COMPLETED,2018-01-05 09:21:19 +0000 UTC,2018-01-05 09:25:55 +0000 UTC,-23.5223976,-46.69484,2018-01-05 09:42:59 +0000 UTC,-23.5037175,-46.6371653,6.37,16.98,BRL
1449,,UNFULFILLED,2018-01-01 04:44:10 +0000 UTC,1970-01-01 00:00:00 +0000 UTC,,,1970-01-01 00:00:00 +0000 UTC,,,0,0,
1449,uberX VIP,COMPLETED,2017-12-25 23:42:09 +0000 UTC,2017-12-25 23:46:19 +0000 UTC,-23.967343,-46.322389,2017-12-25 23:58:06 +0000 UTC,-23.9758385,-46.3011899,2.07,11.67,BRL
458,uberX VIP,COMPLETED,2017-12-22 23:21:16 +0000 UTC,2017-12-22 23:25:43 +0000 UTC,-23.5023055,-46.6249229,2017-12-22 23:31:59 +0000 UTC,-23.5032566,-46.6371156,1.26,8.87,BRL
458,uberX VIP,CANCELED,2017-12-22 23:18:49 +0000 UTC,1970-01-01 00:00:00 +0000 UTC,-23.500069,-46.6247046,1970-01-01 00:00:00 +0000 UTC,-23.5046038,-46.6248599,0,0,BRL
458,uberX VIP,COMPLETED,2017-12-21 21:23:39 +0000 UTC,2017-12-21 21:26:19 +0000 UTC,-23.6286214,-46.5640187,2017-12-21 21:34:36 +0000 UTC,-23.6107181,-46.5702805,1.65,8.36,BRL
458,uberX VIP,CANCELED,2017-12-21 20:03:02 +0000 UTC,1970-01-01 00:00:00 +0000 UTC,-23.6099302,-46.560688,1970-01-01 00:00:00 +0000 UTC,-23.6070964,-46.5668939,0,0,BRL
458,uberX VIP,COMPLETED,2017-12-20 21:05:26 +0000 UTC,2017-12-20 21:10:47 +0000 UTC,-23.5023174,-46.6249531,2017-12-20 21:18:42 +0000 UTC,-23.5033627,-46.63673,1.21,11.07,BRL
458,uberX VIP,COMPLETED,2017-12-20 00:30:41 +0000 UTC,2017-12-20 00:33:50 +0000 UTC,-23.5030246,-46.6250282,2017-12-20 00:38:52 +0000 UTC,-23.503292,-46.6372564,1.2,8.7,BRL
458,uberX VIP,COMPLETED,2017-12-18 23:05:26 +0000 UTC,2017-12-18 23:10:36 +0000 UTC,-23.5020748,-46.624919,2017-12-18 23:17:38 +0000 UTC,-23.5032173,-46.6376465,1.3,7.94,BRL
458,uberX VIP,COMPLETED,2017-12-15 21:04:37 +0000 UTC,2017-12-15 21:19:07 +0000 UTC,-23.5022087,-46.6249505,2017-12-15 21:24:58 +0000 UTC,-23.503255,-46.6373243,1.31,10.04,BRL
458,uberX VIP,COMPLETED,2017-12-14 22:50:58 +0000 UTC,2017-12-14 22:57:21 +0000 UTC,-23.50231,-46.6249533,2017-12-14 23:03:15 +0000 UTC,-23.5034308,-46.6364732,1.2,8.78,BRL
458,POOL,COMPLETED,2017-12-12 10:16:01 +0000 UTC,2017-12-12 10:19:08 +0000 UTC,-23.5037615,-46.6371721,2017-12-12 11:19:35 +0000 UTC,-23.6113615,-46.5708377,13.02,32.69,BRL
458,uberX VIP,COMPLETED,2017-12-11 23:25:05 +0000 UTC,2017-12-11 23:28:59 +0000 UTC,-23.5024217,-46.6249633,2017-12-11 23:35:00 +0000 UTC,-23.50326,-46.6370583,1.32,7.95,BRL
1449,uberX VIP,COMPLETED,2017-12-10 04:02:26 +0000 UTC,2017-12-10 04:10:32 +0000 UTC,-23.9547449,-46.3461989,2017-12-10 04:26:41 +0000 UTC,-23.9753716,-46.3008707,4.09,13.75,BRL
1449,uberX VIP,COMPLETED,2017-12-10 00:46:48 +0000 UTC,2017-12-10 00:50:46 +0000 UTC,-23.9758431,-46.3012137,2017-12-10 01:08:30 +0000 UTC,-23.9547153,-46.346224,4.29,22.59,BRL
1449,uberX VIP,COMPLETED,2017-12-09 23:51:48 +0000 UTC,2017-12-09 23:58:22 +0000 UTC,-23.9757462,-46.307352,2017-12-10 00:01:51 +0000 UTC,-23.9757989,-46.301236,0.55,9.75,BRL
458,uberX VIP,COMPLETED,2017-12-07 23:17:47 +0000 UTC,2017-12-07 23:24:32 +0000 UTC,-23.5024367,-46.6249717,2017-12-07 23:33:35 +0000 UTC,-23.5032583,-46.6372733,1.23,7.95,BRL
458,uberX VIP,COMPLETED,2017-12-07 00:33:13 +0000 UTC,2017-12-07 00:38:28 +0000 UTC,-23.5022394,-46.6249285,2017-12-07 00:43:51 +0000 UTC,-23.5032044,-46.6368571,1.22,7.96,BRL
458,uberX VIP,COMPLETED,2017-12-05 23:28:06 +0000 UTC,2017-12-05 23:32:38 +0000 UTC,-23.5022124,-46.624963,2017-12-05 23:38:12 +0000 UTC,-23.5033071,-46.6370396,1.24,7.95,BRL
458,uberX VIP,DRIVER_CANCELED,2017-12-04 23:41:22 +0000 UTC,1970-01-01 00:00:00 +0000 UTC,-23.5002771,-46.6285828,1970-01-01 00:00:00 +0000 UTC,-23.5033674,-46.6249646,0,7,BRL
458,uberX VIP,COMPLETED,2017-11-30 23:31:08 +0000 UTC,2017-11-30 23:37:20 +0000 UTC,-23.5023338,-46.62490046,2017-11-30 23:44:52 +0000 UTC,-23.50330782,-46.63752702,1.31,8.19,BRL
458,uberX VIP,CANCELED,2017-11-30 22:24:36 +0000 UTC,1970-01-01 00:00:00 +0000 UTC,-23.6074374,-46.5793311,1970-01-01 00:00:00 +0000 UTC,-23.606165,-46.57461,0,0,BRL
458,uberX VIP,COMPLETED,2017-11-29 21:34:30 +0000 UTC,2017-11-29 21:36:19 +0000 UTC,-23.6112583,-46.5711183,2017-11-29 21:47:00 +0000 UTC,-23.62207,-46.56985,1.25,6.93,BRL
458,uberX VIP,COMPLETED,2017-11-29 00:18:02 +0000 UTC,2017-11-29 00:21:57 +0000 UTC,-23.5024608,-46.6249247,2017-11-29 00:28:21 +0000 UTC,-23.5032122,-46.637111,1.22,7.96,BRL
458,uberX VIP,COMPLETED,2017-11-27 22:59:30 +0000 UTC,2017-11-27 23:02:53 +0000 UTC,-23.502264,-46.6249752,2017-11-27 23:09:46 +0000 UTC,-23.5031903,-46.6368144,1.23,8.82,BRL
458,uberX VIP,CANCELED,2017-11-27 22:55:56 +0000 UTC,1970-01-01 00:00:00 +0000 UTC,-23.5002965,-46.6270799,1970-01-01 00:00:00 +0000 UTC,-23.5039249,-46.6249221,0,0,BRL
458,uberX VIP,COMPLETED,2017-11-27 01:29:11 +0000 UTC,2017-11-27 01:32:26 +0000 UTC,-23.4804591,-46.6065081,2017-11-27 01:45:15 +0000 UTC,-23.5036026,-46.6373307,3.69,27.28,BRL
458,uberX VIP,CANCELED,2017-11-27 01:24:04 +0000 UTC,1970-01-01 00:00:00 +0000 UTC,-23.4718386,-46.6175901,1970-01-01 00:00:00 +0000 UTC,-23.4721483,-46.6175189,0,0,BRL
458,uberX VIP,COMPLETED,2017-11-26 22:43:02 +0000 UTC,2017-11-26 22:48:42 +0000 UTC,-23.5035617,-46.6373267,2017-11-26 23:02:30 +0000 UTC,-23.4805317,-46.6064783,3.52,16.05,BRL
458,uberX VIP,COMPLETED,2017-11-26 00:18:46 +0000 UTC,2017-11-26 00:30:17 +0000 UTC,-23.5147175,-46.6194972,2017-11-26 00:40:40 +0000 UTC,-23.5033132,-46.6366607,2.04,13.81,BRL
458,POOL,CANCELED,2017-11-26 00:14:18 +0000 UTC,1970-01-01 00:00:00 +0000 UTC,-23.5181835,-46.6178876,1970-01-01 00:00:00 +0000 UTC,-23.5156362,-46.6244854,0,0,BRL
458,POOL,COMPLETED,2017-11-25 22:06:13 +0000 UTC,2017-11-25 22:10:52 +0000 UTC,-23.5035896,-46.637192,2017-11-25 22:23:35 +0000 UTC,-23.5157182,-46.619488,2.53,9.57,BRL
458,uberX VIP,COMPLETED,2017-11-25 01:15:15 +0000 UTC,2017-11-25 01:19:36 +0000 UTC,-23.6113256,-46.570873,2017-11-25 01:54:30 +0000 UTC,-23.503614,-46.6372977,11.42,34.06,BRL
458,uberX VIP,COMPLETED,2017-11-22 23:59:30 +0000 UTC,2017-11-23 00:04:44 +0000 UTC,-23.502608,-46.6249647,2017-11-23 00:10:19 +0000 UTC,-23.5032991,-46.6371265,1.19,7.94,BRL
458,uberX VIP,COMPLETED,2017-11-21 23:34:03 +0000 UTC,2017-11-21 23:36:24 +0000 UTC,-23.6016681,-46.6776181,2017-11-22 00:17:44 +0000 UTC,-23.503618,-46.6373007,9.57,47.58,BRL
458,uberX VIP,COMPLETED,2017-11-21 21:27:09 +0000 UTC,2017-11-21 21:53:48 +0000 UTC,-23.61203786,-46.57132664,2017-11-21 22:37:30 +0000 UTC,-23.60177075,-46.67760154,10.12,30.34,BRL
458,uberX VIP,COMPLETED,2017-11-20 23:24:56 +0000 UTC,2017-11-20 23:28:11 +0000 UTC,-23.5028725,-46.6249321,2017-11-20 23:33:26 +0000 UTC,-23.5032867,-46.6366951,1.15,7.95,BRL
458,uberX VIP,COMPLETED,2017-11-17 23:09:14 +0000 UTC,2017-11-17 23:12:18 +0000 UTC,-23.502519,-46.6249522,2017-11-17 23:19:01 +0000 UTC,-23.5032866,-46.6368266,1.19,8.92,BRL
458,uberX VIP,COMPLETED,2017-11-17 01:24:51 +0000 UTC,2017-11-17 01:27:51 +0000 UTC,-23.50261644,-46.62490447,2017-11-17 01:33:00 +0000 UTC,-23.50329369,-46.6367841,1.19,7.96,BRL
458,uberX VIP,COMPLETED,2017-11-16 19:31:40 +0000 UTC,2017-11-16 19:36:30 +0000 UTC,-23.61149769,-46.57076112,2017-11-16 19:52:50 +0000 UTC,-23.58443324,-46.60516321,4.03,14.55,BRL
458,uberX,COMPLETED,2017-11-15 00:27:48 +0000 UTC,2017-11-15 00:31:48 +0000 UTC,-23.5025798,-46.6249226,2017-11-15 00:38:40 +0000 UTC,-23.5032916,-46.6371331,1.22,7.95,BRL
458,uberX VIP,COMPLETED,2017-11-13 22:56:16 +0000 UTC,2017-11-13 22:57:42 +0000 UTC,-23.5027817,-46.624975,2017-11-13 23:03:14 +0000 UTC,-23.5033033,-46.636945,1.18,7.95,BRL
458,uberX VIP,COMPLETED,2017-11-11 18:06:55 +0000 UTC,2017-11-11 18:09:55 +0000 UTC,-23.5587394,-46.6787384,2017-11-11 18:32:13 +0000 UTC,-23.5036273,-46.6368185,5.8,25.35,BRL
458,uberX VIP,COMPLETED,2017-11-10 22:58:54 +0000 UTC,2017-11-10 23:07:33 +0000 UTC,-23.5026429,-46.6249725,2017-11-10 23:15:46 +0000 UTC,-23.503278,-46.6368498,1.24,7.95,BRL
458,uberX VIP,COMPLETED,2017-11-10 00:06:33 +0000 UTC,2017-11-10 00:13:02 +0000 UTC,-23.502775,-46.6249517,2017-11-10 00:21:05 +0000 UTC,-23.5033267,-46.6367883,1.17,7.95,BRL
458,uberX VIP,COMPLETED,2017-11-09 00:10:06 +0000 UTC,2017-11-09 00:20:51 +0000 UTC,-23.5025509,-46.6249606,2017-11-09 00:28:12 +0000 UTC,-23.5033084,-46.6373163,1.23,7.95,BRL
458,uberX VIP,COMPLETED,2017-11-07 23:00:55 +0000 UTC,2017-11-07 23:04:53 +0000 UTC,-23.5024465,-46.6249525,2017-11-07 23:12:36 +0000 UTC,-23.5032959,-46.6372827,1.22,7.95,BRL
458,uberX VIP,COMPLETED,2017-11-06 22:46:36 +0000 UTC,2017-11-06 22:50:13 +0000 UTC,-23.5026106,-46.6249608,2017-11-06 22:55:07 +0000 UTC,-23.5032841,-46.6373566,1.21,7.94,BRL
458,uberX VIP,COMPLETED,2017-11-05 22:08:38 +0000 UTC,2017-11-05 22:13:43 +0000 UTC,-23.50252,-46.6250667,2017-11-05 22:19:37 +0000 UTC,-23.5031,-46.63692,1.24,7.95,BRL
458,POOL,CANCELED,2017-11-01 09:10:28 +0000 UTC,1970-01-01 00:00:00 +0000 UTC,,,1970-01-01 00:00:00 +0000 UTC,,,0,0,BRL
458,POOL,CANCELED,2017-10-31 09:22:39 +0000 UTC,1970-01-01 00:00:00 +0000 UTC,,,1970-01-01 00:00:00 +0000 UTC,,,0,0,BRL
458,uberX,COMPLETED,2017-10-27 23:12:34 +0000 UTC,2017-10-27 23:20:03 +0000 UTC,-23.5026783,-46.6248667,2017-10-27 23:27:12 +0000 UTC,-23.503335,-46.636675,1.18,7.95,BRL
458,uberX,COMPLETED,2017-10-26 23:43:31 +0000 UTC,2017-10-26 23:45:58 +0000 UTC,-23.5023561,-46.6249543,2017-10-26 23:52:58 +0000 UTC,-23.5032604,-46.6367601,1.22,7.94,BRL
458,POOL: MATCHED,COMPLETED,2017-10-26 11:11:59 +0000 UTC,2017-10-26 11:18:38 +0000 UTC,-23.5036035,-46.6370029,2017-10-26 12:04:08 +0000 UTC,-23.6108178,-46.5702857,12.73,32.51,BRL
458,uberX,COMPLETED,2017-10-26 00:12:02 +0000 UTC,2017-10-26 00:16:45 +0000 UTC,-23.5025729,-46.6249713,2017-10-26 00:24:35 +0000 UTC,-23.503289,-46.6369199,1.21,7.95,BRL
458,POOL,COMPLETED,2017-10-25 11:23:59 +0000 UTC,2017-10-25 11:25:59 +0000 UTC,-23.5035706,-46.6371161,2017-10-25 12:20:07 +0000 UTC,-23.6111832,-46.5706626,13.97,31.2,BRL
458,uberX,COMPLETED,2017-10-25 00:04:36 +0000 UTC,2017-10-25 00:07:18 +0000 UTC,-23.5025106,-46.6249441,2017-10-25 00:13:56 +0000 UTC,-23.5032849,-46.6373822,1.23,7.95,BRL
458,POOL,COMPLETED,2017-10-24 10:34:13 +0000 UTC,2017-10-24 10:38:33 +0000 UTC,-23.5035912,-46.637054,2017-10-24 11:18:00 +0000 UTC,-23.6115179,-46.5706344,12.09,33.95,BRL
458,uberX,COMPLETED,2017-10-23 22:50:42 +0000 UTC,2017-10-23 22:57:40 +0000 UTC,-23.502187,-46.6249594,2017-10-23 23:04:42 +0000 UTC,-23.5032458,-46.6367602,1.22,7.94,BRL
458,uberX,COMPLETED,2017-10-20 23:42:13 +0000 UTC,2017-10-20 23:48:18 +0000 UTC,-23.6115296,-46.5712831,2017-10-21 00:22:24 +0000 UTC,-23.5032714,-46.6376718,10.37,30.61,BRL
458,uberX,COMPLETED,2017-10-20 20:50:04 +0000 UTC,2017-10-20 20:54:30 +0000 UTC,-23.6110152,-46.5712888,2017-10-20 21:07:13 +0000 UTC,-23.6220504,-46.5701294,1.04,8.67,BRL
458,uberX,CANCELED,2017-10-20 20:48:56 +0000 UTC,1970-01-01 00:00:00 +0000 UTC,,,1970-01-01 00:00:00 +0000 UTC,,,0,0,BRL
458,uberX,COMPLETED,2017-10-20 00:16:26 +0000 UTC,2017-10-20 00:20:19 +0000 UTC,-23.5025587,-46.6251503,2017-10-20 00:27:08 +0000 UTC,-23.5036595,-46.6368117,1.19,7.94,BRL
458,uberX,COMPLETED,2017-10-19 11:06:16 +0000 UTC,2017-10-19 11:09:00 +0000 UTC,-23.5036229,-46.636789,2017-10-19 11:50:18 +0000 UTC,-23.6113573,-46.5707287,11.79,43.72,BRL
458,POOL: MATCHED,COMPLETED,2017-10-19 00:23:35 +0000 UTC,2017-10-19 00:35:19 +0000 UTC,-23.5027903,-46.6249535,2017-10-19 01:08:55 +0000 UTC,-23.5047575,-46.628152,2.83,18.19,BRL
458,POOL,COMPLETED,2017-10-18 00:23:15 +0000 UTC,2017-10-18 00:28:03 +0000 UTC,-23.60275457,-46.64556096,2017-10-18 00:51:10 +0000 UTC,-23.50331184,-46.63734066,8.43,24.29,BRL
458,uberX,COMPLETED,2017-10-17 22:32:42 +0000 UTC,2017-10-17 22:34:24 +0000 UTC,-23.6114668,-46.5708498,2017-10-17 23:01:25 +0000 UTC,-23.6037844,-46.6446635,6.42,21.51,BRL
458,POOL,COMPLETED,2017-10-17 10:46:54 +0000 UTC,2017-10-17 10:51:34 +0000 UTC,-23.5036704,-46.6371576,2017-10-17 11:37:24 +0000 UTC,-23.6112857,-46.5707956,12.69,29.02,BRL
458,uberX,COMPLETED,2017-10-16 23:02:21 +0000 UTC,2017-10-16 23:10:09 +0000 UTC,-23.5052893,-46.6250615,2017-10-16 23:15:55 +0000 UTC,-23.503144,-46.6368201,1.1,7.95,BRL
458,uberX,COMPLETED,2017-10-16 00:16:47 +0000 UTC,2017-10-16 00:20:55 +0000 UTC,-23.5156579,-46.616411,2017-10-16 00:31:52 +0000 UTC,-23.5032976,-46.635072,2.73,15.44,BRL
458,uberX,COMPLETED,2017-10-15 00:52:34 +0000 UTC,2017-10-15 00:57:01 +0000 UTC,-23.5035414,-46.6371519,2017-10-15 01:25:04 +0000 UTC,-23.6114053,-46.6679377,9.32,32.54,BRL
458,uberX,COMPLETED,2017-10-14 02:59:27 +0000 UTC,2017-10-14 03:03:59 +0000 UTC,-23.5134467,-46.6191634,2017-10-14 03:12:26 +0000 UTC,-23.5032706,-46.6368144,2.19,10.26,BRL
458,uberX,COMPLETED,2017-10-12 00:50:51 +0000 UTC,2017-10-12 00:53:00 +0000 UTC,-23.6110914,-46.5711116,2017-10-12 01:34:48 +0000 UTC,-23.5034537,-46.6381879,15.52,32.63,BRL
458,uberX,COMPLETED,2017-10-11 00:22:56 +0000 UTC,2017-10-11 00:29:29 +0000 UTC,-23.6111078,-46.5712184,2017-10-11 01:04:26 +0000 UTC,-23.5032248,-46.6369166,10.92,30.68,BRL
458,uberX,COMPLETED,2017-10-10 00:35:30 +0000 UTC,2017-10-10 00:39:20 +0000 UTC,-23.502562,-46.6245309,2017-10-10 00:46:19 +0000 UTC,-23.5032941,-46.6369395,1.13,7.94,BRL
458,uberX,COMPLETED,2017-10-07 00:06:46 +0000 UTC,2017-10-07 00:20:01 +0000 UTC,-23.611485,-46.570575,2017-10-07 01:03:34 +0000 UTC,-23.5033833,-46.63302,10.76,31.47,BRL
458,uberX,COMPLETED,2017-10-06 00:06:46 +0000 UTC,2017-10-06 00:09:32 +0000 UTC,-23.502565,-46.62495,2017-10-06 00:16:24 +0000 UTC,-23.503285,-46.6379517,1.26,8.37,BRL
458,uberX,COMPLETED,2017-10-05 01:10:12 +0000 UTC,2017-10-05 01:13:15 +0000 UTC,-23.50264,-46.6245433,2017-10-05 01:18:42 +0000 UTC,-23.503305,-46.6368483,1.33,7.95,BRL
458,uberX,COMPLETED,2017-10-04 09:32:58 +0000 UTC,2017-10-04 09:37:21 +0000 UTC,-23.503554,-46.6378261,2017-10-04 10:05:31 +0000 UTC,-23.5585955,-46.6599003,5.49,24.28,BRL
458,uberX,COMPLETED,2017-10-04 01:11:19 +0000 UTC,2017-10-04 01:15:05 +0000 UTC,-23.5026013,-46.624505,2017-10-04 01:20:00 +0000 UTC,-23.5033176,-46.6369607,1.33,7.94,BRL
458,uberX,COMPLETED,2017-10-02 23:59:11 +0000 UTC,2017-10-03 00:00:10 +0000 UTC,-23.5026521,-46.6249697,2017-10-03 00:04:47 +0000 UTC,-23.5033084,-46.6370028,1.21,7.95,BRL
458,POOL,COMPLETED,2017-09-28 12:41:58 +0000 UTC,2017-09-28 12:49:39 +0000 UTC,-23.6026757,-46.674172,2017-09-28 13:27:33 +0000 UTC,-23.6117808,-46.5695641,9.59,26.26,BRL
458,POOL,CANCELED,2017-09-28 12:36:02 +0000 UTC,1970-01-01 00:00:00 +0000 UTC,-23.60074,-46.6839233,1970-01-01 00:00:00 +0000 UTC,-23.6031733,-46.6816183,0,0,BRL
458,uberX,COMPLETED,2017-09-28 10:29:43 +0000 UTC,2017-09-28 10:34:00 +0000 UTC,-23.6027678,-46.6456877,2017-09-28 10:53:46 +0000 UTC,-23.6028056,-46.6743477,3.22,14.38,BRL
458,POOL,COMPLETED,2017-09-27 12:08:38 +0000 UTC,2017-09-27 12:13:34 +0000 UTC,-23.6027133,-46.6455556,2017-09-27 12:38:51 +0000 UTC,-23.6114159,-46.570721,6.09,17.58,BRL
458,uberX,COMPLETED,2017-09-26 12:14:53 +0000 UTC,2017-09-26 12:22:38 +0000 UTC,-23.6027811,-46.645286,2017-09-26 12:47:31 +0000 UTC,-23.6110598,-46.5710098,5.85,24.86,BRL
458,uberX,COMPLETED,2017-09-13 12:14:32 +0000 UTC,2017-09-13 12:20:55 +0000 UTC,-23.6027183,-46.645195,2017-09-13 12:46:25 +0000 UTC,-23.61111,-46.57121,6.31,24.53,BRL
458,uberX,COMPLETED,2017-09-04 12:04:36 +0000 UTC,2017-09-04 12:07:59 +0000 UTC,-23.6027717,-46.6452183,2017-09-04 12:31:56 +0000 UTC,-23.61129,-46.5710217,5.81,25.52,BRL
458,uberX,COMPLETED,2017-08-21 12:46:00 +0000 UTC,2017-08-21 12:49:31 +0000 UTC,-23.6027583,-46.645145,2017-08-21 13:14:38 +0000 UTC,-23.61133,-46.57136,5.87,24.83,BRL
458,uberX,COMPLETED,2017-08-09 12:06:03 +0000 UTC,2017-08-09 12:10:43 +0000 UTC,-23.6026325,-46.6450264,2017-08-09 12:37:08 +0000 UTC,-23.6114714,-46.5706741,6.38,24.78,BRL
458,uberX,COMPLETED,2017-08-07 12:30:52 +0000 UTC,2017-08-07 12:34:47 +0000 UTC,-23.602778,-46.6451176,2017-08-07 13:00:18 +0000 UTC,-23.6111852,-46.5710471,6.33,25.17,BRL
458,uberX,COMPLETED,2017-08-02 12:41:34 +0000 UTC,2017-08-02 12:44:33 +0000 UTC,-23.6026717,-46.6449717,2017-08-02 13:10:36 +0000 UTC,-23.6114917,-46.570635,5.77,24.01,BRL
458,uberX,COMPLETED,2017-07-31 12:31:00 +0000 UTC,2017-07-31 12:32:54 +0000 UTC,-23.6026201,-46.6451416,2017-07-31 12:59:04 +0000 UTC,-23.6111476,-46.571028,5.92,24.03,BRL
458,uberX,COMPLETED,2017-07-26 12:14:55 +0000 UTC,2017-07-26 12:17:40 +0000 UTC,-23.6026474,-46.6454172,2017-07-26 12:45:30 +0000 UTC,-23.6111476,-46.5709583,6.24,25.02,BRL
458,uberX,COMPLETED,2017-07-19 12:01:37 +0000 UTC,2017-07-19 12:03:03 +0000 UTC,-23.6026754,-46.6451958,2017-07-19 12:28:55 +0000 UTC,-23.6111639,-46.5708754,6.21,25.67,BRL
458,uberX,COMPLETED,2017-07-12 12:25:33 +0000 UTC,2017-07-12 12:27:09 +0000 UTC,-23.6026558,-46.6451127,2017-07-12 12:57:03 +0000 UTC,-23.6113337,-46.5707646,6.29,24.24,BRL
458,uberX,COMPLETED,2017-06-28 12:30:24 +0000 UTC,2017-06-28 12:35:10 +0000 UTC,-23.6026881,-46.6451735,2017-06-28 13:00:15 +0000 UTC,-23.6112529,-46.5710238,6.2,25.21,BRL
458,uberX,COMPLETED,2017-06-14 11:31:57 +0000 UTC,2017-06-14 11:34:42 +0000 UTC,-23.6029139,-46.6447856,2017-06-14 11:59:39 +0000 UTC,-23.6115989,-46.5706637,6.74,24.89,BRL
458,uberX,COMPLETED,2017-06-12 12:13:59 +0000 UTC,2017-06-12 12:18:02 +0000 UTC,-23.6026944,-46.6451914,2017-06-12 12:41:53 +0000 UTC,-23.6112042,-46.5710673,5.96,25.99,BRL
458,uberX,COMPLETED,2017-06-05 11:51:48 +0000 UTC,2017-06-05 11:57:28 +0000 UTC,-23.6040017,-46.6444533,2017-06-05 12:22:27 +0000 UTC,-23.6113167,-46.5708367,5.85,23.93,BRL
458,uberX,COMPLETED,2017-05-29 12:06:09 +0000 UTC,2017-05-29 12:11:59 +0000 UTC,-23.6026382,-46.6451899,2017-05-29 12:37:27 +0000 UTC,-23.6111309,-46.5712652,5.95,25.69,BRL
458,uberX,COMPLETED,2017-05-24 11:32:05 +0000 UTC,2017-05-24 11:34:55 +0000 UTC,-23.6027303,-46.6453111,2017-05-24 12:01:01 +0000 UTC,-23.6110929,-46.5711355,5.81,25.25,BRL
458,uberX,COMPLETED,2017-05-08 11:27:46 +0000 UTC,2017-05-08 11:31:24 +0000 UTC,-23.602689,-46.6453982,2017-05-08 11:55:31 +0000 UTC,-23.6111595,-46.571014,5.93,25.19,BRL
458,uberX,CANCELED,2017-05-08 11:17:24 +0000 UTC,1970-01-01 00:00:00 +0000 UTC,-23.6161803,-46.6479852,1970-01-01 00:00:00 +0000 UTC,-23.6165819,-46.6488992,0,0,BRL
458,uberX,COMPLETED,2017-05-03 21:26:00 +0000 UTC,2017-05-03 21:29:00 +0000 UTC,-23.611224,-46.5710601,2017-05-03 21:55:28 +0000 UTC,-23.6026476,-46.6453556,6.13,25.62,BRL
458,uberX,COMPLETED,2017-05-03 11:49:23 +0000 UTC,2017-05-03 11:51:55 +0000 UTC,-23.6026585,-46.6451814,2017-05-03 12:18:05 +0000 UTC,-23.6111404,-46.5712019,5.93,25.13,BRL
458,uberX,CANCELED,2017-05-03 11:47:50 +0000 UTC,1970-01-01 00:00:00 +0000 UTC,-23.6072684,-46.6520971,1970-01-01 00:00:00 +0000 UTC,-23.6056162,-46.6514685,0,0,BRL
458,uberX,COMPLETED,2017-04-26 12:47:58 +0000 UTC,2017-04-26 12:53:28 +0000 UTC,-23.5659038,-46.6845579,2017-04-26 13:24:13 +0000 UTC,-23.6027646,-46.6451823,4.28,23.41,BRL
458,uberX,COMPLETED,2017-04-26 11:01:52 +0000 UTC,2017-04-26 11:10:23 +0000 UTC,-23.602635,-46.6450673,2017-04-26 11:48:11 +0000 UTC,-23.565888,-46.6846089,4.48,23.4,BRL
458,uberX,COMPLETED,2017-04-24 11:37:45 +0000 UTC,2017-04-24 11:40:32 +0000 UTC,-23.6027699,-46.6453134,2017-04-24 12:05:11 +0000 UTC,-23.6111281,-46.5708975,6.06,22.97,BRL
458,uberX,COMPLETED,2017-04-19 11:42:55 +0000 UTC,2017-04-19 11:44:04 +0000 UTC,-23.6027424,-46.6452542,2017-04-19 12:13:55 +0000 UTC,-23.6111639,-46.5710143,6.01,24.01,BRL
458,uberX,COMPLETED,2017-04-10 11:38:15 +0000 UTC,2017-04-10 11:40:11 +0000 UTC,-23.6027352,-46.64514,2017-04-10 12:06:16 +0000 UTC,-23.6109405,-46.5708151,5.89,28.84,BRL
458,uberX,COMPLETED,2017-04-05 10:39:43 +0000 UTC,2017-04-05 10:47:12 +0000 UTC,-23.6027261,-46.6453007,2017-04-05 11:11:07 +0000 UTC,-23.6110963,-46.5711048,5.9,23.57,BRL
458,uberX,COMPLETED,2017-04-03 10:41:54 +0000 UTC,2017-04-03 10:45:28 +0000 UTC,-23.6026271,-46.6450338,2017-04-03 11:13:25 +0000 UTC,-23.6111624,-46.5710234,6.3,23.95,BRL
458,POOL: MATCHED,COMPLETED,2017-03-27 11:31:54 +0000 UTC,2017-03-27 11:42:11 +0000 UTC,-23.6026755,-46.6450314,2017-03-27 12:24:44 +0000 UTC,-23.6111472,-46.5712045,7.71,24.28,BRL
458,POOL: MATCHED,COMPLETED,2017-03-22 11:14:28 +0000 UTC,2017-03-22 11:18:37 +0000 UTC,-23.6026323,-46.6451764,2017-03-22 11:50:54 +0000 UTC,-23.6110169,-46.5711359,6.95,17.14,BRL
458,uberPOOL: MATCHED,COMPLETED,2017-03-13 11:36:09 +0000 UTC,2017-03-13 11:40:03 +0000 UTC,-23.6026144,-46.6452481,2017-03-13 12:11:44 +0000 UTC,-23.6111973,-46.5710136,7,23.79,BRL
458,uberX,COMPLETED,2017-02-08 22:28:11 +0000 UTC,2017-02-08 22:31:17 +0000 UTC,-23.6109141,-46.571272,2017-02-08 23:03:57 +0000 UTC,-23.6025022,-46.6450023,8.08,25.47,BRL
458,uberX,COMPLETED,2017-02-08 11:30:20 +0000 UTC,2017-02-08 11:34:11 +0000 UTC,-23.6026518,-46.6453142,2017-02-08 12:01:36 +0000 UTC,-23.6111199,-46.5710629,6.19,24.39,BRL
458,uberX,CANCELED,2017-02-08 11:29:08 +0000 UTC,1970-01-01 00:00:00 +0000 UTC,-23.6006429,-46.6532521,1970-01-01 00:00:00 +0000 UTC,-23.6006414,-46.6532394,0,0,BRL
458,uberPOOL: MATCHED,COMPLETED,2017-02-01 10:45:36 +0000 UTC,2017-02-01 10:51:10 +0000 UTC,-23.6027327,-46.6451387,2017-02-01 11:27:26 +0000 UTC,-23.6112753,-46.5708652,7.36,27.75,BRL
458,uberPOOL,CANCELED,2017-02-01 10:40:43 +0000 UTC,1970-01-01 00:00:00 +0000 UTC,-23.595913,-46.6437728,1970-01-01 00:00:00 +0000 UTC,-23.5972652,-46.6433218,0,0,BRL
458,uberPOOL,CANCELED,2017-02-01 10:38:30 +0000 UTC,1970-01-01 00:00:00 +0000 UTC,-23.5976776,-46.6368111,1970-01-01 00:00:00 +0000 UTC,-23.5988526,-46.6367352,0,0,BRL
458,uberPOOL: MATCHED,COMPLETED,2017-01-20 11:23:43 +0000 UTC,2017-01-20 11:28:48 +0000 UTC,-23.602735,-46.645135,2017-01-20 12:05:31 +0000 UTC,-23.6113567,-46.5709017,7.81,27.3,BRL
458,uberX,COMPLETED,2017-01-18 11:13:01 +0000 UTC,2017-01-18 11:20:29 +0000 UTC,-23.5977018,-46.6237303,2017-01-18 11:43:37 +0000 UTC,-23.6110715,-46.5709414,4.7,19.38,BRL
458,uberX,COMPLETED,2017-01-18 10:31:25 +0000 UTC,2017-01-18 10:34:34 +0000 UTC,-23.602638,-46.6457301,2017-01-18 10:46:32 +0000 UTC,-23.5976648,-46.6235027,2.14,13.76,BRL
458,uberX,COMPLETED,2017-01-16 10:03:05 +0000 UTC,2017-01-16 10:06:06 +0000 UTC,-23.6026382,-46.64518064,2017-01-16 10:29:07 +0000 UTC,-23.61124989,-46.57104947,6.27,24.08,BRL
458,uberPOOL,CANCELED,2017-01-16 09:57:21 +0000 UTC,1970-01-01 00:00:00 +0000 UTC,-23.5982644,-46.6457569,1970-01-01 00:00:00 +0000 UTC,-23.5982048,-46.6454414,0,0,BRL
458,uberX,COMPLETED,2017-01-14 20:40:36 +0000 UTC,2017-01-14 20:43:28 +0000 UTC,-23.6027267,-46.6453459,2017-01-14 21:01:41 +0000 UTC,-23.5740178,-46.6961832,6.72,22.94,BRL
458,uberX,COMPLETED,2017-01-14 12:23:59 +0000 UTC,2017-01-14 12:26:06 +0000 UTC,-23.6206918,-46.6620795,2017-01-14 12:41:45 +0000 UTC,-23.5934814,-46.6527237,5.03,11.57,BRL
458,uberX,COMPLETED,2017-01-13 09:09:29 +0000 UTC,2017-01-13 09:11:29 +0000 UTC,-23.6028042,-46.64542,2017-01-13 09:21:17 +0000 UTC,-23.6205906,-46.6622467,2.75,10.51,BRL
458,uberX,COMPLETED,2017-01-12 02:36:24 +0000 UTC,2017-01-12 02:41:59 +0000 UTC,-23.6112733,-46.5709483,2017-01-12 03:05:10 +0000 UTC,-23.6027117,-46.6453367,7.76,24.23,BRL
458,uberX,COMPLETED,2017-01-11 10:39:26 +0000 UTC,2017-01-11 10:41:27 +0000 UTC,-23.602625,-46.645405,2017-01-11 11:05:36 +0000 UTC,-23.6110017,-46.5711467,6.32,24.8,BRL
458,uberX,COMPLETED,2017-01-10 10:45:29 +0000 UTC,2017-01-10 10:49:30 +0000 UTC,-23.6026671,-46.6452312,2017-01-10 11:17:16 +0000 UTC,-23.6111864,-46.5710514,6.67,25.39,BRL
458,uberX,CANCELED,2017-01-10 10:43:21 +0000 UTC,1970-01-01 00:00:00 +0000 UTC,-23.5995922,-46.6428767,1970-01-01 00:00:00 +0000 UTC,-23.5996151,-46.6440468,0,0,BRL
458,uberX,CANCELED,2017-01-10 10:42:58 +0000 UTC,1970-01-01 00:00:00 +0000 UTC,,,1970-01-01 00:00:00 +0000 UTC,,,0,0,BRL
458,uberX,COMPLETED,2017-01-08 23:39:03 +0000 UTC,2017-01-08 23:45:00 +0000 UTC,-23.6458165,-46.6430358,2017-01-09 00:00:29 +0000 UTC,-23.6029511,-46.645261,4.97,23.33,BRL
458,uberX,COMPLETED,2017-01-06 11:02:51 +0000 UTC,2017-01-06 11:06:54 +0000 UTC,-23.6025753,-46.6451885,2017-01-06 11:31:50 +0000 UTC,-23.6111339,-46.5717526,7.07,23.26,BRL
458,uberX,COMPLETED,2017-01-05 10:40:12 +0000 UTC,2017-01-05 10:43:41 +0000 UTC,-23.602743,-46.6450878,2017-01-05 11:08:42 +0000 UTC,-23.6112239,-46.5710056,6.35,23.31,BRL
458,uberX,COMPLETED,2017-01-04 10:28:55 +0000 UTC,2017-01-04 10:33:07 +0000 UTC,-23.6027368,-46.6452656,2017-01-04 10:55:45 +0000 UTC,-23.6108462,-46.5714736,6.41,23.86,BRL
458,uberPOOL,CANCELED,2017-01-04 10:27:44 +0000 UTC,1970-01-01 00:00:00 +0000 UTC,-23.58973046,-46.63002944,1970-01-01 00:00:00 +0000 UTC,-23.58972914,-46.63000504,0,0,BRL
458,uberX,COMPLETED,2016-12-14 21:05:43 +0000 UTC,2016-12-14 21:13:22 +0000 UTC,-23.6111697,-46.5710617,2016-12-14 21:47:30 +0000 UTC,-23.6026436,-46.645322,8.81,36.85,BRL
458,uberPOOL: MATCHED,COMPLETED,2016-12-14 10:54:17 +0000 UTC,2016-12-14 11:02:37 +0000 UTC,-23.60263334,-46.64524346,2016-12-14 11:31:47 +0000 UTC,-23.61320343,-46.57176448,6.56,29.44,BRL
458,uberX,CANCELED,2016-12-14 10:52:25 +0000 UTC,1970-01-01 00:00:00 +0000 UTC,-23.6026688,-46.6474319,1970-01-01 00:00:00 +0000 UTC,-23.6026663,-46.6479603,0,0,BRL
458,uberX,COMPLETED,2016-12-07 10:54:15 +0000 UTC,2016-12-07 10:55:35 +0000 UTC,-23.6026502,-46.6454975,2016-12-07 11:23:17 +0000 UTC,-23.6112543,-46.5708784,5.85,24.66,BRL
458,uberPOOL,CANCELED,2016-11-30 10:46:04 +0000 UTC,1970-01-01 00:00:00 +0000 UTC,-23.6065802,-46.6612839,1970-01-01 00:00:00 +0000 UTC,-23.6042626,-46.6596683,0,0,BRL
458,uberPOOL: MATCHED,COMPLETED,2016-11-16 10:30:13 +0000 UTC,2016-11-16 10:41:05 +0000 UTC,-23.6026747,-46.6452068,2016-11-16 11:02:23 +0000 UTC,-23.6111272,-46.5709949,5.8,29.83,BRL
458,uberX,COMPLETED,2016-11-09 10:52:16 +0000 UTC,2016-11-09 10:59:12 +0000 UTC,-23.60263275,-46.64525919,2016-11-09 11:21:43 +0000 UTC,-23.61118154,-46.57110295,5.9,29.43,BRL
296,uberX,COMPLETED,2016-10-30 02:42:38 +0000 UTC,2016-10-30 02:48:27 +0000 UTC,-22.9144273,-43.1050892,2016-10-30 02:59:09 +0000 UTC,-22.9030567,-43.1346819,4.35,20.13,BRL
296,uberX,COMPLETED,2016-10-29 19:52:39 +0000 UTC,2016-10-29 19:56:04 +0000 UTC,-22.903051,-43.1346329,2016-10-29 20:04:10 +0000 UTC,-22.9020982,-43.114359,2.97,9.91,BRL
458,uberX,COMPLETED,2016-10-06 00:37:00 +0000 UTC,2016-10-06 00:39:29 +0000 UTC,-23.6110938,-46.5711676,2016-10-06 01:04:19 +0000 UTC,-23.6026564,-46.6450948,6.27,24.75,BRL
458,uberX,COMPLETED,2016-09-15 00:03:01 +0000 UTC,2016-09-15 00:05:29 +0000 UTC,-23.60264046,-46.66504748,2016-09-15 00:13:29 +0000 UTC,-23.60262936,-46.64534986,2.04,9.02,BRL
458,uberX,COMPLETED,2016-09-14 22:44:10 +0000 UTC,2016-09-14 22:47:48 +0000 UTC,-23.6026587,-46.6452616,2016-09-14 22:56:51 +0000 UTC,-23.6026706,-46.6650192,1.68,8.4,BRL
458,uberx,COMPLETED,2016-08-17 11:36:38 +0000 UTC,2016-08-17 11:41:07 +0000 UTC,-23.6025362,-46.6453704,2016-08-17 12:07:53 +0000 UTC,-23.6110216,-46.571107,5.99,27.89,BRL
458,uberX,COMPLETED,2016-06-30 11:27:17 +0000 UTC,2016-06-30 11:29:53 +0000 UTC,-23.60274,-46.6451538,2016-06-30 11:55:45 +0000 UTC,-23.6135612,-46.5763797,5.51,21.13,BRL
458,uberX,COMPLETED,2016-06-30 03:09:49 +0000 UTC,2016-06-30 03:17:42 +0000 UTC,-23.6115869,-46.5706306,2016-06-30 03:45:55 +0000 UTC,-23.6026544,-46.6453572,6.24,23.38,BRL
458,uberX,COMPLETED,2016-06-22 14:24:53 +0000 UTC,2016-06-22 14:27:16 +0000 UTC,-23.6026156,-46.6451497,2016-06-22 14:45:05 +0000 UTC,-23.6160678,-46.665922,3.28,14.02,BRL
458,POOL,COMPLETED,2016-06-22 11:07:02 +0000 UTC,2016-06-22 11:14:17 +0000 UTC,-23.6160731,-46.6659489,2016-06-22 11:24:28 +0000 UTC,-23.6027604,-46.6448974,2.2,7.84,BRL
458,uberX,COMPLETED,2016-04-07 00:30:46 +0000 UTC,2016-04-07 00:35:23 +0000 UTC,-23.5694783,-46.6724083,2016-04-07 00:50:14 +0000 UTC,-23.6027366,-46.6453516,4.08,15.06,BRL
458,uberX,COMPLETED,2016-04-06 21:16:52 +0000 UTC,2016-04-06 21:20:44 +0000 UTC,-23.6026085,-46.6450837,2016-04-06 21:41:30 +0000 UTC,-23.5695488,-46.6724122,3.45,15.16,BRL
458,uberX,CANCELED,2016-04-06 21:12:03 +0000 UTC,1970-01-01 00:00:00 +0000 UTC,-23.6017184,-46.6468711,1970-01-01 00:00:00 +0000 UTC,-23.6008616,-46.6444944,0,0,BRL
458,uberX,CANCELED,2015-12-17 23:52:50 +0000 UTC,2015-12-18 00:01:01 +0000 UTC,-23.6071137,-46.5664834,1970-01-01 00:00:00 +0000 UTC,-23.6115765,-46.5706182,0,7,BRL
